Pos,Vel,Angle,Vel_tip,Mean_1,Mean_2,Variance_1,Variance_2
-0.03896748214108249,0.0012139916950379553,0.014358449755744712,-0.04905062932898313,14.1037035,13.980171,0.14791791,0.108446054
-0.038943202307181735,-0.19411087238095948,0.013377437169165049,0.2481277046086573,13.984447,14.018773,0.05604281,0.065480426
-0.04282541975480093,0.0008175008981114174,0.018339991261338194,-0.04030584379994778,13.825378,13.768122,0.033432566,0.059499417
-0.0428090697368387,-0.1945625765629675,0.017533874385339238,0.25810664109978204,14.396649,14.40939,0.20443715,0.22613908
-0.04670032126809805,0.000304721152660975,0.02269600720733488,-0.028994679662097844,13.949321,13.9142885,0.05315169,0.045983687
-0.046694226845044824,-0.19513522860582236,0.022116113614092922,0.27076179687553525,14.091992,14.149981,0.03820221,0.0500495
-0.05059693141716127,-0.00033574033412528403,0.027531349551603627,-0.01486437047932787,14.059015,14.112692,0.13741681,0.12686269
-0.05060364622384377,0.1943807799043035,0.02723406214201707,-0.2987352708364563,14.015543,13.973233,0.078459196,0.039154287
-0.0467160306257577,-0.0011185764670440246,0.021259356725287944,0.0024108444352650693,13.944962,14.019365,0.0635917,0.08778882
-0.046738402155098585,0.19369213497277168,0.021307573613993245,-0.28348941011132467,13.970164,14.0771885,0.026494188,0.02639401
-0.04286455945564315,0.3885037966556937,0.01563778541176675,-0.5693766172882759,14.205882,14.08111,0.15147194,0.13478337
-0.03509448352252928,0.1931660539591702,0.004250253066001231,-0.2718085069468887,14.216975,14.190463,0.04207269,0.043789543
-0.031231162443345874,-0.0020162870354498985,-0.001185917072936543,0.022211930762570664,14.119934,14.091708,0.11559651,0.14653584
-0.03127148818405487,-0.1971212109777143,-0.0007416784576851297,0.31452045134170187,14.272555,14.177849,0.09946945,0.107775986
-0.03521391240360915,-0.39223258917302295,0.0055487305691489085,0.6069693846919356,14.203105,14.143625,0.088986136,0.085734345
-0.04305856418706961,-0.5874316815847774,0.01768811826298762,0.9013948343350788,14.091164,14.253767,0.099070884,0.075865194
-0.05480719781876516,-0.39255379125519857,0.03571601494968919,0.614323761767569,13.650401,13.863228,0.1399777,0.12962697
-0.06265827364386914,-0.19794863355720257,0.048002490185040575,0.3331004651765601,14.393931,14.293936,0.14601645,0.13766803
-0.06661724631501319,-0.39371977720027745,0.05466449948857178,0.6405262308516046,13.967654,14.161949,0.09192647,0.084959686
-0.07449164185901874,-0.19940080995780024,0.06747502410560387,0.3655465305499463,14.061885,14.103716,0.099762306,0.07918868
-0.07847965805817475,-0.0052993894823759324,0.07478595471660279,0.09487954603955312,13.989853,13.674973,0.22506481,0.17406422
-0.07858564584782227,-0.2014091235778859,0.07668354563739385,0.41018848920573797,14.086662,14.303404,0.1315622,0.10142638
-0.08261382831937998,-0.00745333509189694,0.08488731542150861,0.14263265915457268,14.051125,14.142706,0.08984029,0.08208887
-0.08276289502121792,0.1863567878195787,0.08773996860460007,-0.12210881917722288,14.350139,14.205518,0.08977731,0.08357139
-0.07903575926482634,-0.009905490970584907,0.0852977922210556,0.19691462755839573,13.784818,13.856413,0.045065247,0.05525979
-0.07923386908423803,0.18389938711168377,0.08923608477222351,-0.06768862659622554,14.481395,14.216394,0.060863197,0.054689236
-0.07555588134200436,-0.012381096251120688,0.08788231224029901,0.25176123209148055,13.916371,14.096809,0.07629343,0.07388717
-0.07580350326702677,0.1813831824953853,0.09291753688212862,-0.011959379050364094,14.245949,14.218251,0.050759066,0.043507
-0.07217583961711907,-0.014940005372035076,0.09267834930112133,0.3085335391620492,14.0153885,14.037745,0.06956817,0.07378761
-0.07247463972455977,0.1787476140002353,0.09884902008436232,0.0464573901321208,14.305448,14.219089,0.08031996,0.09959918
-0.06889968744455506,-0.01764259788383163,0.09977816788700473,0.3686189714987881,13.391507,13.849315,0.063947625,0.074783936
-0.0692525394022317,0.17593052838782997,0.1071505473169805,0.10898957879041782,14.062238,14.170563,0.14450714,0.11516655
-0.0657339288344751,0.36936687536686885,0.10933033889278886,-0.1480588532440658,13.857333,13.870648,0.019456983,0.045059297
-0.05834659132713772,0.5627671892643307,0.10636916182790754,-0.40434812434297634,14.3263445,14.354403,0.1690902,0.18020646
-0.04709124754185111,0.7562325031690056,0.09828219934104801,-0.6616923394935625,13.998355,13.977333,0.08454713,0.09486682
-0.031966597478471,0.5598903403869746,0.08504835255117676,-0.33975188886298696,14.090883,13.968462,0.101740964,0.06862947
-0.020768790670731507,0.3636677134114713,0.07825331477391703,-0.021507715277588324,14.242681,14.183687,0.09191563,0.12295878
-0.01349543640250208,0.16751581626634066,0.07782316046836527,0.2948027273883346,14.0036745,13.859019,0.12783857,0.15655011
-0.010145120077175267,-0.028624395068295838,0.08371921501613196,0.6109794806780511,13.860422,14.469536,0.079986386,0.052014828
-0.010717607978541183,0.16523376912489435,0.09593880462969298,0.34579539676237175,13.8068285,13.980476,0.21640497,0.16002952
-0.007412932596043295,0.35886940909835563,0.10285471256494041,0.08484037483839951,14.294621,14.226295,0.07414292,0.07082983
-0.00023554441407618205,0.16243499366987854,0.10455152006170841,0.4081207945475676,13.271838,14.034655,0.07996552,0.052789968
0.0030131554593213886,0.3559311836128386,0.11271393595265976,0.15014357584374038,13.928113,14.186554,0.20270276,0.13546857
0.01013177913157816,0.549273811965413,0.11571680746953457,-0.10496230975027526,13.997663,14.198996,0.08659103,0.12266879
0.02111725537088642,0.7425636923347668,0.11361756127452906,-0.35901325966995734,14.101509,14.215082,0.28260657,0.26793328
0.03596852921758176,0.9359026093188485,0.10643729608112991,-0.613820054175618,14.310537,14.121576,0.16895317,0.1329349
0.054686581403958726,0.7394669652928403,0.09416089499761755,-0.2896005490934808,14.051122,13.944895,0.06258335,0.0637845
0.06947592070981554,0.5431372633347276,0.08836888401574794,0.031231846741906488,14.06573,14.068666,0.14513445,0.15284976
0.08033866597651008,0.7368881266207233,0.08899352095058607,-0.23231377612233883,14.219744,14.264084,0.13383481,0.106839396
0.09507642850892455,0.930633208816949,0.0843472454281393,-0.49565176232684377,13.977206,13.926874,0.036191512,0.046758268
0.11368909268526353,0.7344294120158387,0.07443421018160243,-0.17762366286092457,14.4605465,14.340363,0.14762726,0.15633811
0.1283776809255803,0.5383255464612484,0.07088173692438393,0.13758108947836012,13.930768,14.034233,0.1905873,0.16495265
0.13914419185480525,0.7323644448610638,0.07363335871395113,-0.13192460863299066,14.431158,14.312468,0.13172583,0.06809701
0.15379148075202653,0.536269200415369,0.07099486654129132,0.18304986630429004,13.590489,13.666979,0.070026435,0.11232696
0.16451686476033392,0.7303072768595946,0.07465586386737712,-0.08641909167400563,14.133728,14.279898,0.2867735,0.33928663
0.1791230102975258,0.9242841108415447,0.072927482033897,-0.3546454310210066,13.827087,13.713808,0.07659848,0.09165798
0.1976086925143567,0.728205087329905,0.06583457341347687,-0.03988699208994695,13.952019,14.306262,0.04383491,0.04629245
0.2121727942609548,0.9223242290317868,0.06503683357167793,-0.31109353446266463,13.673239,13.668033,0.11181204,0.076943524
0.23061927884159056,0.7263388900978293,0.05881496288242464,0.0013703128843285395,14.222323,14.469953,0.046677265,0.09091177
0.24514605664354713,0.920570187001059,0.05884236914011121,-0.27219123243043913,13.768539,13.811209,0.040423855,0.021649819
0.2635574603835683,1.114805297515062,0.05339854449150243,-0.5457499752997435,14.289828,14.269063,0.10180778,0.14904279
0.28585356633386955,0.9189753160777312,0.04248354498550756,-0.2367319841541901,13.528903,13.890707,0.041890536,0.07098484
0.30423307265542415,1.1134653766659854,0.03774890530242376,-0.5157174399424613,14.550758,14.329863,0.09100197,0.062286347
0.3265023801887439,0.9178327460259824,0.02743455650357453,-0.21138200600687052,13.681247,13.68074,0.08397362,0.055223305
0.3448590351092635,0.7223295004167485,0.02320691638343712,0.08982725733449304,14.066719,14.123978,0.034561887,0.043879293
0.3593056251175985,0.917111258281539,0.02500346153012698,-0.19544448558998656,14.167358,14.037096,0.08829727,0.06566929
0.3776478502832293,0.7216407417835413,0.02109457181832725,0.10501989352263014,14.155054,14.267354,0.12655625,0.14159071
0.3920806651189001,0.9164541405732235,0.023194969688779852,-0.1809338467054683,14.058505,13.885473,0.16868344,0.16402191
0.41040974793036455,0.7210080922072808,0.019576292754670484,0.11897507556003489,13.6523,13.94118,0.10598263,0.13071972
0.4248299097745102,0.9158441700306416,0.021955794265871183,-0.16746798004310598,13.825854,14.036351,0.10931672,0.11146289
0.443146793175123,1.1106450749055523,0.018606434665009063,-0.45314442643064157,13.995786,13.817514,0.0870566,0.08648226
0.46535969467323407,0.9152650177394223,0.009543546136396231,-0.15465509340174416,14.184499,14.17211,0.26610807,0.22413985
0.4836649950280225,0.7200077303270684,0.006450444268361348,0.14102325987175351,14.179207,14.119061,0.044486284,0.081957854
0.4980651496345639,0.5247939923379026,0.00927090946579642,0.43573419246659695,13.8438015,14.02524,0.1341157,0.17255385
0.508561029481322,0.719783483769659,0.01798559331512836,0.14598813304258812,14.123045,14.305699,0.15824927,0.2061865
0.5229566991567152,0.9146433131174553,0.02090535597598012,-0.14096685772441658,13.713127,13.603949,0.11014059,0.10470703
0.5412495654190643,0.7192282891961332,0.018086018821491787,0.15823735523212096,14.1166,14.027794,0.14358664,0.155244
0.555634131202987,0.5238521320560223,0.021250765926134205,0.456570660649427,13.162748,13.384222,0.048556156,0.046603814
0.5661111738441075,0.7186672930209108,0.030382179139122743,0.17066115484372163,13.803026,13.941996,0.108939976,0.09789898
0.5804845197045256,0.9133415059107834,0.033795402235997175,-0.1122844138984127,13.410791,13.390079,0.13967852,0.20840415
0.5987513498227413,0.7177520030144366,0.03154971395802892,0.19086627205629786,13.646784,14.001608,0.075414054,0.08023447
0.61310638988303,0.9124087337624763,0.03536703939915488,-0.09169944022747994,13.531273,13.659073,0.053398106,0.07843263
0.6313545645582795,1.1070063798906933,0.033533050594605276,-0.37301763033222074,13.552744,13.643335,0.20929444,0.27350223
0.6534946921560935,1.30163632197695,0.02607269798796086,-0.654941548505626,13.871439,13.667623,0.15252626,0.042151537
0.6795274185956325,1.1061612501843332,0.012973867017848341,-0.35416409125289017,13.745806,13.806656,0.17957641,0.0810224
0.7016506435993192,1.301096344925531,0.005890585192790537,-0.6427279150252868,13.474292,13.448151,0.11565419,0.0822583
0.7276725704978297,1.105892785685728,-0.0069639731077152,-0.34819583414500194,14.013173,13.678205,0.12540102,0.13920672
0.7497904262115443,0.9108705731238899,-0.013927889790615239,-0.057717000301146015,13.383085,13.424062,0.13726276,0.14105067
0.7680078376740221,1.1061894273728243,-0.015082229796638159,-0.3547615324854512,14.175181,13.799126,0.2161271,0.28205702
0.7901316262214786,0.9112851366035974,-0.022177460446347184,-0.06687235484736875,13.1371355,13.242195,0.26066455,0.33263522
0.8083573289535505,1.1067179118980344,-0.02351490754329456,-0.36646906844226873,13.927734,13.62927,0.10325702,0.09585188
0.8304916871915112,0.9119378731411615,-0.030844288912139934,-0.08129253013824711,13.435593,13.445272,0.07221854,0.13418503
0.8487304446543344,1.1074880888505456,-0.03247013951490488,-0.3835451174203818,14.227748,14.147066,0.0800188,0.10769026
0.8708802064313453,0.9128418310894049,-0.040141041863312514,-0.1012741740324849,13.346817,13.261652,0.23397362,0.14776267
0.8891370430531335,0.7183174635524892,-0.04216652534396221,0.1784790332553851,13.882062,13.882136,0.06980165,0.039638698
0.9035033923241832,0.9140166727084631,-0.03859694467885451,-0.1272021370329956,13.749056,13.714556,0.0626156,0.070242226
0.9217837257783524,0.719468295510725,-0.04114098741951442,0.1530584036826323,13.796518,13.678915,0.12997788,0.10967711
0.9361730916885669,0.5249588365757222,-0.03807981934586177,0.4324836711698857,12.709151,12.994558,0.09783946,0.13045917
0.9466722684200813,0.7205986852916101,-0.029430145922464054,0.12804388000342337,13.392141,13.573469,0.18553789,0.18810633
0.9610842421259136,0.9161296052071308,-0.026869268322395588,-0.1737767060529662,13.477183,13.343742,0.050751198,0.05499103
0.9794068342300563,0.7214023058740276,-0.030344802443454912,0.11031019625671773,13.599691,13.699087,0.18691134,0.1547188
0.9938348803475368,0.9169456477730512,-0.028138598518320557,-0.19178978652793777,13.648626,13.387259,0.089996,0.14757165
1.0121737933029977,0.7222373000858381,-0.03197439424887931,0.09188546158684319,13.172994,13.219304,0.15930475,0.17348382
1.0266185393047145,0.9178026104405077,-0.030136685017142447,-0.21071143304078876,13.524556,13.406488,0.09056778,0.0521512
1.0449745915135247,0.7231242299844187,-0.03435091367795822,0.0723146953220224,12.377169,12.508783,0.04114349,0.06398545
1.059437076113213,0.9187213796154059,-0.032904619771517776,-0.23100512742202833,12.76573,12.776537,0.11926042,0.11816454
1.0778115037055211,1.1142976893756402,-0.03752472231995834,-0.5338830041032923,12.672602,12.748713,0.21727468,0.20442683
1.100097457493034,1.3099267159857906,-0.04820238240202419,-0.8381496480798735,13.231829,12.966907,0.26850408,0.20195697
1.1262959918127498,1.1154949936759628,-0.06496537536362165,-0.5610068293965396,12.84318,12.666186,0.11676371,0.13815005
1.148605891686269,0.9213420614275423,-0.07618551195155245,-0.28947816980320185,13.189653,13.131193,0.03800152,0.041867685
1.1670327329148198,0.7273844910839601,-0.08197507534761649,-0.021762616140978797,13.06693,13.14398,0.120813645,0.13527276
1.181580422736499,0.9235805333917426,-0.08241032767043606,-0.3391421067765785,13.144748,13.0113325,0.27467993,0.3099631
1.2000520334043339,0.7297220034583376,-0.08919316980596763,-0.07354241130490252,13.315886,13.220286,0.09969899,0.09497452
1.2146464734735005,0.5359844460900314,-0.09066401803206568,0.18972070607294156,13.080539,13.340292,0.09179609,0.16744998
1.2253661623953012,0.7322786188343939,-0.08686960391060686,-0.1301299522781798,13.301035,13.33273,0.1140298,0.07987405
1.240011734771989,0.9285306235119426,-0.08947220295617045,-0.44890547499413197,12.914507,12.849401,0.06651889,0.10648629
1.258582347242228,0.7347806175619487,-0.0984503124560531,-0.1857127023115866,13.218523,13.350693,0.13518417,0.152067
1.273277959593467,0.9311632512734676,-0.10216456650228482,-0.5077578892933028,13.362018,13.110202,0.018765198,0.0342888
1.2919012246189363,0.7376179647238228,-0.11231972428815087,-0.2489379116293342,13.393603,13.34433,0.05785178,0.083800286
1.3066535839134128,0.5442642883465618,-0.11729848252073756,0.00631244351444854,13.460701,13.324743,0.08447352,0.0845228
1.317538869680344,0.35100285189109637,-0.11717223365044858,0.2598058532164092,13.551852,13.51519,0.18899077,0.15853505
1.3245589267181659,0.1577315555482403,-0.1119761165861204,0.5133550945497432,13.801539,13.671608,0.12817979,0.110458985
1.3277135578291306,-0.03564993422546864,-0.10170901469512554,0.7687584474384187,13.013075,13.243563,0.084368095,0.08489602
1.3270005591446212,0.1607139703582988,-0.08633384574635716,0.4458838538682244,13.453509,13.551935,0.0846291,0.08339419
1.3302148385517871,0.3569444525733612,-0.07741616866899267,0.12728377585116812,13.106402,13.115916,0.39591154,0.36706764
1.3373537276032543,0.5530851696048248,-0.07487049315196931,-0.18878372333470778,13.171542,13.125076,0.1280097,0.13283575
1.3484154309953509,0.3591097752223398,-0.07864616761866347,0.079372873336498,12.994962,13.011847,0.1450622,0.14038129
1.3555976264997978,0.555265906676135,-0.07705871015193351,-0.23704998609764505,13.34516,13.071966,0.15178938,0.10058992
1.3667029446333205,0.3613245991946026,-0.0817997098738864,0.030365832196940612,12.901567,12.8283,0.16110368,0.13253702
1.3739294366172126,0.16746517789501766,-0.08119239322994759,0.2961603393271862,13.396948,13.357778,0.20901251,0.18691508
1.377278740175113,-0.02641109421384999,-0.07526918644340387,0.5621723742542045,12.757784,12.869121,0.06125201,0.053691063
1.376750518290836,0.16968193296061726,-0.06402573895831978,0.24675740520718586,13.276125,13.309627,0.22057743,0.18357353
1.3801441569500483,0.36565709669273727,-0.05909059085417607,-0.06541373547475182,13.19517,13.155316,0.08682368,0.13721241
1.3874572988839031,0.17142993856422548,-0.060398865563671106,0.2080559872993602,13.322642,13.295937,0.16221896,0.13007568
1.3908858976551877,-0.022778682003313122,-0.0562377458176839,0.4810912495757018,12.999669,13.146077,0.22455272,0.24655554
1.3904303240151215,0.17309012993731146,-0.04661592082616986,0.1712273292048478,13.443041,13.407272,0.15492296,0.13777207
1.3938921266138677,-0.021334689968277393,-0.0431913742420729,0.4488476285249463,13.224783,13.237821,0.11826403,0.10938745
1.3934654328145022,0.17437073493995972,-0.03421442167157397,0.1428689478846505,13.176579,13.200335,0.13286941,0.11793575
1.3969528475133013,0.3699655597266912,-0.03135704271388096,-0.16040865718409653,13.250516,13.1807785,0.10502535,0.108130515
1.4043521587078351,0.1753062330222674,-0.03456521585756289,0.12221933363308657,13.145498,13.197809,0.17336975,0.17007405
1.4078582833682804,0.37090590893174435,-0.03212082918490116,-0.18116507757101602,12.935431,12.811711,0.042324718,0.058634095
1.4152764015469153,0.17625796192364965,-0.03574413073632148,0.10121433524171364,12.589842,12.464613,0.089458644,0.077053025
1.4188015607853883,-0.018333975953542553,-0.03371984403148721,0.3824092608203442,13.197843,13.295779,0.10271799,0.13969897
1.4184348812663174,0.1772501249097937,-0.026071658815080324,0.0792881265819218,12.563528,12.548664,0.15433459,0.13679409
1.4219798837645132,-0.017488566453587345,-0.024485896283441888,0.363632692392229,13.0709095,13.122734,0.08665315,0.10608118
1.4216301124354416,0.17797267634587333,-0.01721324243559731,0.06333058255676388,13.280464,13.162149,0.17525327,0.17326115
1.425189565962359,-0.016898303478586285,-0.01594663078446203,0.35053330541596406,12.239584,12.425791,0.05520419,0.057819504
1.4248515998927873,0.1784467609770723,-0.008935964676142749,0.05286485365187915,12.914839,12.916975,0.19662875,0.17340107
1.4284205351123287,0.3736956950529162,-0.007878667603105165,-0.24262399300565413,12.719144,12.728369,0.10329386,0.09294363
1.435894449013387,0.5689292940234785,-0.012731147463218248,-0.5377816067097405,13.389119,13.412428,0.11712111,0.15106738
1.4472730348938565,0.7642279006867725,-0.02348677959741306,-0.834448632460749,12.088808,11.76654,0.19995244,0.14019951
1.462557592907592,0.5694345678063489,-0.04017575224662804,-0.5492436980231028,12.826055,12.67301,0.021449925,0.02331133
1.473946284263719,0.3748993179603891,-0.051160626207090096,-0.269484783684665,12.338995,12.318281,0.19441234,0.20105787
1.4814442706229267,0.1805433723317441,-0.0565503218807834,0.006633022664644717,13.285444,13.418671,0.18768439,0.17566665
1.4850551380695616,0.37642882007412626,-0.0564176614274905,-0.3033423865406614,12.205447,12.25738,0.057090763,0.051886655
1.492583714471044,0.5723075336791174,-0.06248450915830373,-0.6132709711790733,12.481056,12.19667,0.04832573,0.15523705
1.5040298651446264,0.37811186463724067,-0.0747499285818852,-0.34090442728793846,12.459276,12.341829,0.053783644,0.057251517
1.5115921024373713,0.18412864208206967,-0.08156801712764397,-0.07269815242271976,12.73528,12.500181,0.03794823,0.029430263
1.5152746752790127,-0.009734936898599361,-0.08302198017609837,0.1931759582670438,12.958023,12.989809,0.24749851,0.22129883
1.5150799765410408,0.18647046114831192,-0.07915846101075749,-0.1244988720318681,12.384599,12.245836,0.06662383,0.09140394
1.518809385764007,-0.007433456170328173,-0.08164843845139486,0.14219792864110076,12.601694,12.617846,0.053668737,0.037470058
1.5186607166406005,0.18875715966855774,-0.07880447987857284,-0.17508559493103282,12.371786,12.078571,0.105439134,0.17142619
1.5224358598339718,-0.00515371655269381,-0.08230619177719349,0.09173348100460965,12.831625,12.642705,0.06901124,0.0647856
1.5223327855029178,-0.19900540331277985,-0.0804715221571013,0.3573559497529542,12.695987,12.690399,0.10736187,0.10533806
1.5183526774366622,-0.39289659282382716,-0.07332440316204221,0.6236184596047691,12.631039,12.760653,0.09190193,0.09419887
1.5104947455801856,-0.1968316167727628,-0.060852033969946824,0.30877318155510725,12.668451,12.650324,0.07834811,0.08911181
1.5065581132447303,-0.39103611567077146,-0.05467657033884468,0.5816612875325381,12.142756,12.157173,0.07340858,0.082566805
1.4987373909313149,-0.19519242016286087,-0.04304334458819392,0.2722678414706862,12.901979,12.986804,0.0922181,0.087006494
1.4948335425280577,0.0005164464132957625,-0.0375979877587802,-0.033674389717916475,12.48461,12.394917,0.10649718,0.08138656
1.4948438714563237,-0.1940467291179477,-0.03827147555313853,0.24691291643969343,13.251981,13.2504635,0.11056511,0.061401863
1.4909629368739648,-0.38860178197557027,-0.03333321722434466,0.5272827301225269,12.697161,12.666235,0.2070229,0.180161
1.4831909012344533,-0.5832392617175817,-0.02278756262189412,0.8092786168143482,12.90243,13.070389,0.20073618,0.20768414
1.4715261160001016,-0.38781259972454235,-0.0066019902856071545,0.5095157667641106,12.775464,12.862475,0.07111385,0.081118636
1.4637698640056107,-0.19259826373369965,0.0035883250496750573,0.21475967321012723,13.129926,13.186869,0.11260222,0.11605133
1.4599178987309367,0.0024722037726984114,0.007883518513877603,-0.07678917894413861,12.840811,12.765009,0.15107687,0.12632573
1.4599673428063906,-0.19276187078468784,0.0063477349349948305,0.21837056304579705,12.917729,12.892717,0.032350153,0.03262961
1.456112105390697,-0.3879739845152149,0.010715146195910772,0.513049055829944,12.697092,12.813707,0.11748808,0.13528435
1.4483526257003927,-0.1930045787059404,0.020976127312509654,0.22376192862033134,12.917935,13.022784,0.11853665,0.13534832
1.444492534126274,0.0018113857825842183,0.025451365884916283,-0.06223120230907431,12.549793,12.774885,0.08170982,0.10931243
1.4445287618419256,0.196559352267374,0.024206741838734797,-0.3467766491811269,12.884633,12.821642,0.09056553,0.12881619
1.4484599488872731,0.0011015949571271666,0.01727120885511226,-0.04655982068441672,12.788504,12.753205,0.064818606,0.08764803
1.4484819807864158,-0.19426370118756528,0.016340012441423923,0.25152190026493976,13.142672,13.308301,0.24797003,0.2914315
1.4445967067626644,0.0006211535270531088,0.021370450446722717,-0.0359626076793641,12.692998,12.793724,0.10774955,0.12504482
1.4446091298332056,0.19543023257702646,0.020651198293135435,-0.3218270681641999,13.183841,13.154182,0.06943902,0.10328406
1.4485177344847462,2.038068346368882e-05,0.014214656929851436,-0.022703769967367005,12.500951,12.629057,0.08159888,0.1064091
1.4485181420984155,0.19493562597466985,0.013760581530504096,-0.31086813208369485,13.05645,13.036139,0.090042435,0.10769096
1.4524168546179088,-0.00037964392671574476,0.0075432188888301995,-0.013877481235637645,13.06369,12.9325285,0.048275776,0.054715324
1.4524092617393745,-0.19560895761574143,0.0072656692641174464,0.28117584322637584,12.656382,12.852208,0.061928,0.06662657
1.4484970825870596,-0.0005913959285684944,0.012889186128644963,-0.009206690143334917,12.756235,12.853459,0.10737726,0.11966389
1.448485254668488,0.19434335755459628,0.012705052325778265,-0.29779521635854017,13.004217,12.850894,0.1284471,0.17666757
1.45237212181958,-0.000957377309466434,0.006749147998607462,-0.0011325726928711477,12.788135,12.84865,0.18229738,0.17515226
1.4523529742733907,0.1940671341918891,0.006726496544750039,-0.29167844285170813,12.787833,12.666918,0.09195747,0.082589455
1.4562343169572285,-0.0011500773292360822,0.0008929276877158755,0.0031183249635166055,13.179654,13.161921,0.15020196,0.13222304
1.4562113154106437,-0.19628482303898445,0.0009552941869862076,0.2960828475448445,12.869206,12.934575,0.14337437,0.110398084
1.452285618949864,-0.0011765034527378149,0.006876951137883097,0.003701358153705314,12.7267885,12.836771,0.14397985,0.14536433
1.4522620888808093,0.19384615057463744,0.006950978300957204,-0.28680389789085875,13.181897,13.21858,0.035517234,0.0387703
1.456139011892302,0.3888682861617665,0.0012149003431400282,-0.5772864631041917,12.68284,12.356536,0.18558314,0.13884844
1.4639163776155375,0.1937293275874506,-0.010330828918943807,-0.28422106064598984,13.2680435,13.04509,0.08692534,0.09387931
1.4677909641672866,-0.0012437666064478714,-0.016015250131863605,0.005185764579386631,13.223964,13.005031,0.120850235,0.14396742
1.4677660888351576,-0.19613241814729593,-0.01591153484027587,0.29277297044410205,13.210182,13.19133,0.06960788,0.06935053
1.4638434404722116,-0.39102393364947363,-0.01005607543139383,0.5803954440975535,12.834688,12.85864,0.07590312,0.07733115
1.4560229617992222,-0.19576252287741228,0.0015518334505572398,0.2845617007733396,13.020599,13.001818,0.13086642,0.114459686
1.452107711341674,-0.3909065726424371,0.007243067466024032,0.5777336618147619,12.8062315,13.012436,0.03340232,0.03799203
1.4442895798888253,-0.19588688400519835,0.01879774070231927,0.28734124538713157,12.673132,12.714866,0.04997352,0.034714025
1.4403718422087213,-0.0010379795758651,0.0245445656100619,0.0006457356573541517,12.993922,12.999016,0.30258298,0.29158002
1.440351082617204,0.19372352452848268,0.024557480323208983,-0.28419314868285017,12.507713,12.454368,0.04067596,0.030745646
1.4442255531077735,-0.0017399169902569955,0.01887361734955198,0.01613278301143395,12.871481,12.8504925,0.104259364,0.107019365
1.4441907547679682,-0.19712738238431213,0.01919627300978066,0.3147102970001974,12.31013,12.389619,0.1791068,0.20147151
1.440248207120282,-0.0022840643739895083,0.02549047894978461,0.028142525356433856,13.4479265,13.44624,0.063759476,0.08152581
1.4402025258328022,-0.19776211658882697,0.026053329456913285,0.3287577370700065,12.666396,12.796004,0.1381745,0.15547232
1.4362472835010256,-0.003020562237732949,0.032628484198313414,0.044403351707549665,12.856255,12.894064,0.12687545,0.124856085
1.436186872256271,0.19161868677005447,0.03351655123246441,-0.23780905092007226,12.529833,12.553953,0.044991303,0.035162333
1.440019245991672,0.38624617857683435,0.028760370214062962,-0.5197343052807861,12.676492,12.674871,0.099487044,0.09706033
1.4477441695632087,0.1907313973415223,0.018365684108447237,-0.21812903319948995,13.023306,12.94063,0.10516003,0.098021366
1.4515587975100392,-0.004648211459718221,0.014003103444457439,0.080290163068436,12.839765,12.999041,0.06431308,0.06710204
1.4514658332808448,0.1902702326099031,0.015608906705826158,-0.20794205991987785,12.968486,12.96657,0.084200725,0.077030264
1.4552712379330428,-0.005071396271698558,0.011450065507428601,0.08962352187959316,13.037523,13.011861,0.11561522,0.08987162
1.455169810007609,-0.20035558083408345,0.013242535945020464,0.38589684273298497,13.049639,13.194316,0.047677383,0.045662027
1.4511626983909272,-0.00542410201127963,0.020960472799680163,0.09741845398526056,12.733957,12.805738,0.22138715,0.22289139
1.4510542163507016,0.18939126564869155,0.022908841879385373,-0.18857847922805154,12.750934,12.6604,0.10777447,0.09504168
1.4548420416636754,-0.006050818330817664,0.019137272294824342,0.1112423323029535,12.715645,12.844373,0.060488272,0.056063175
1.454721025297059,0.18879175373969728,0.021362118940883412,-0.1753419941486546,13.144399,13.111847,0.20031326,0.13260657
1.4584968603718529,-0.006629303363293315,0.01785527905791032,0.12400269550526938,12.380696,12.362024,0.03277024,0.040529516
1.458364274304587,-0.2020024460394226,0.020335332968015707,0.42226486854872325,12.524511,12.604551,0.102041006,0.094746344
1.4543242253837987,-0.007174409887861943,0.02878063033899017,0.1360614129000356,12.33546,12.416916,0.06321607,0.048421726
1.4541807371860414,0.18752373538202657,0.03150185859699088,-0.1474045211717538,12.502031,12.603746,0.061252426,0.07794835
1.4579312118936818,0.3821807405459362,0.028553768173555805,-0.4299851477986754,12.774595,12.621954,0.10283564,0.08282892
1.4655748267046005,0.18666631952800508,0.0199540652175823,-0.12843939577140984,12.21023,12.160021,0.116221294,0.08368105
1.4693081530951606,-0.00873571301800588,0.0173852773021541,0.17047140921370485,12.547458,12.574041,0.036686733,0.030280748
1.4691334388348005,0.18613314177079748,0.0207947054864282,-0.11667668600811604,12.361564,12.37093,0.115907505,0.114047036
1.4728561016702164,0.3809510653682985,0.01846117176626588,-0.4027271885264247,12.85008,12.585413,0.1836903,0.08713625
1.4804751229775823,0.1855722068291384,0.010406627995737385,-0.10428156410919998,12.147677,12.100182,0.07605521,0.084372975
1.4841865671141652,-0.009697322177544099,0.008320996713553385,0.19166636249036367,12.601468,12.653292,0.10457237,0.10453875
1.4839926206706142,0.18530460959231507,0.012154323963360658,-0.09838006411763922,12.1050825,12.119347,0.08495302,0.0755929
1.4876987128624606,0.3802502748217212,0.010186722681007874,-0.3872036798225632,12.868216,12.7737,0.3806337,0.23780549
1.495303718358895,0.1849852137558335,0.00244264908455661,-0.0913264403120328,12.395928,12.318022,0.06866641,0.051380124
1.4990034226340117,-0.010171663410197013,0.0006161202783159538,0.20212614024648595,12.450068,12.562976,0.09612443,0.097158246
1.4987999893658077,0.18494147088331234,0.004658643083245673,-0.09036236629409167,12.381395,12.467946,0.14447474,0.11598238
1.502498818783474,0.3799963386727039,0.0028513957573638397,-0.38157185692133266,12.465486,12.317294,0.05314518,0.09466259
1.5100987455569281,0.18483401561953797,-0.004780041381062814,-0.08799125319335521,12.417425,12.404172,0.049419206,0.050979283
1.513795425869319,-0.010219093862483014,-0.006539866444929918,0.2031797416752204,12.364767,12.421184,0.0842029,0.08499253
1.5135910439920692,0.18499577162953354,-0.0024762716114255096,-0.091559001630872,12.734852,12.642337,0.09473926,0.08474571
1.51729095942466,-0.010090599098196651,-0.0043074516440429495,0.20034163416077944,11.861049,11.961892,0.08619647,0.09834744
1.517089147442696,0.18509269286434613,-0.00030061896082736114,-0.09369697456091003,13.199724,13.049522,0.16550702,0.13344675
1.5207910012999828,-0.01002494832416953,-0.0021745584520455616,0.19889109202386812,11.892588,11.957745,0.16466543,0.17195868
1.5205905023334993,0.18512803770181335,0.0018032633884318009,-0.0944770145808243,12.95524,12.995344,0.09533422,0.108679324
1.5242930630875355,0.3802240968247964,-8.627690318468518e-05,-0.3865904683125516,12.486139,12.484497,0.018582933,0.03882251
1.5318975450240315,0.1851033704688256,-0.007818086269435717,-0.09393474527741591,13.1389265,13.081457,0.16080748,0.1670588
1.5355996124334081,-0.009905657686791247,-0.009696781174984036,0.19627136347790386,12.560175,12.587702,0.06322091,0.069005795
1.5354014992796723,0.18535364306604862,-0.005771353905425958,-0.0994546269309669,12.900645,12.753852,0.06758549,0.06801687
1.5391085721409932,-0.009685120678629588,-0.007760446444045296,0.19140187773060752,11.82641,11.996666,0.08721768,0.076986566
1.5389148697274206,0.18554698455994464,-0.003932408889433145,-0.10371901020384688,12.961469,12.902295,0.08140612,0.05511659
1.5426258094186196,-0.0095183912988403,-0.006006789093510084,0.1877206660086735,11.742029,11.819148,0.07814545,0.076240346
1.542435441592643,0.18568898212209098,-0.002252375773336614,-0.10685109697878903,12.747994,12.640262,0.14298934,0.14405282
1.5461492212350847,-0.009400619511423375,-0.004389397712912395,0.1851203652584144,11.802393,11.889219,0.066605896,0.06499311
1.5459612088448562,0.18578385937004774,-0.0006869904077441064,-0.10894401141496923,12.638823,12.539225,0.055226963,0.040878188
1.5496768860322572,-0.009328240621769152,-0.0028658706360434913,0.18352209434555095,12.028842,12.114054,0.031321373,0.03456182
1.5494903212198219,0.1858345996962957,0.0008045712508675277,-0.11006352876030112,12.6750965,12.6916485,0.0935417,0.089463115
1.5532070132137479,0.38094501245887546,-0.0013966993243384948,-0.40249250925560703,12.398432,12.256224,0.18131658,0.07480167
1.5608259134629254,0.18584289902742196,-0.009446549509450636,-0.11025025402559507,12.820895,12.907698,0.090432,0.09758856
1.5645427714434739,0.3810989326120849,-0.011651554589962539,-0.4058984806589011,12.320327,12.226419,0.07506779,0.10493747
1.5721647500957157,0.18614413034936583,-0.01976952420314056,-0.11691160669346834,12.882418,12.890831,0.03946385,0.049442902
1.575887632702703,0.3815436807670334,-0.022107756337009926,-0.41576551910124676,12.815109,12.523249,0.028876511,0.020630954
1.5835185063180437,0.1867419212171384,-0.03042306671903486,-0.13013343523008308,13.116364,12.974442,0.06907469,0.059735246
1.5872533447423864,-0.007931310432477273,-0.03302573542363652,0.1527982839991025,12.251843,12.2939625,0.035884853,0.032473605
1.587094718533737,0.18764757878103389,-0.02996976974365447,-0.15011787733347232,12.774079,12.687929,0.2709085,0.18680401
1.5908476701093577,-0.007032687458420062,-0.03297212729032392,0.13296159400453517,12.082575,12.098997,0.1477439,0.12764476
1.5907070163601893,0.18854566877906478,-0.03031289541023322,-0.16993853496541822,12.532433,12.496541,0.112187825,0.12739854
1.5944779297357705,-0.00612958645946729,-0.033711666109541585,0.11302957050458984,12.871254,12.783982,0.24379061,0.21966545
1.5943553380065811,-0.20075267127474325,-0.031451074699449785,0.3948889723961616,12.37733,12.509349,0.09374952,0.08473585
1.5903402845810863,-0.005198896176663442,-0.02355329525152655,0.09245828312667598,12.797297,12.646235,0.09311697,0.052819237
1.5902363066575531,-0.19997547509011396,-0.02170412958899303,0.3776180863160857,12.000907,12.16543,0.0880138,0.09204374
1.5862367971557507,-0.0045521067096184475,-0.014151767862671317,0.07817156136070641,12.359015,12.374851,0.16440499,0.16673836
1.5861457550215583,0.19076982803402803,-0.012588336635457189,-0.2189424839070429,12.81974,12.815046,0.08753172,0.06530826
1.589961151582239,-0.004169935562222227,-0.016967186313598046,0.06974312004267536,12.714383,12.634464,0.09906777,0.09145706
1.5898777528709944,-0.19904457511350732,-0.015572323912744539,0.35702489077070787,12.178837,12.330244,0.07593883,0.07262487
1.5858968613687243,-0.003704732317222542,-0.008431826097330382,0.05947257469606898,12.267489,12.358757,0.13214633,0.15206881
1.5858227667223799,0.19153709315279205,-0.007242374603409002,-0.2358586804300733,12.57477,12.424379,0.130004,0.1265119
1.5896535085854357,-0.0034806400513221203,-0.011959548212010469,0.054531008089022615,12.276413,12.294481,0.055308532,0.04623389
1.5895838957844093,0.19181073378468771,-0.010868928050230016,-0.24190112676091058,12.719124,12.464188,0.19227785,0.04191597
1.5934201104601031,-0.003154288663943239,-0.01570695058544823,0.04733373121070378,12.680638,12.573324,0.134326,0.11180197
1.5933570246868243,-0.1980475327152428,-0.014760275961234153,0.33501988309607744,12.464325,12.470097,0.06260058,0.03604488
1.5893960740325195,-0.0027186580746926536,-0.008059878299312604,0.03771912359695223,12.794813,12.741583,0.04352239,0.05405079
1.5893417008710256,-0.19772410814008937,-0.007305495827373559,0.3278482192768402,12.487684,12.578526,0.077054136,0.09361827
1.5853872187082239,-0.00249891758419174,-0.0007485314418367549,0.032870451155601166,12.239551,12.300665,0.098755814,0.07960154
1.58533724035654,0.1926337598786085,-9.112241872473155e-05,-0.26004855126242266,12.387033,12.220913,0.024646724,0.023592442
1.5891899155541123,-0.0024868904054086705,-0.005292093443973185,0.03260563295742691,12.258439,12.170181,0.095958345,0.063305385
1.5891401777460041,-0.19753255247511145,-0.004639980784824646,0.32361416098775625,12.326273,12.373004,0.04305346,0.04121122
1.585189526696502,-0.002344839651245212,0.0018323024349304788,0.029471593999400303,11.945945,11.935746,0.073342554,0.06386989
1.585142629903477,-0.19749301921785617,0.002421734314918485,0.3227320685809409,12.452342,12.60528,0.0928824,0.10533155
1.58119276951912,-0.002405636708863096,0.008876375686537303,0.030813842120607338,11.526096,11.592394,0.031132445,0.03074599
1.5811446567849428,0.19258790506975487,0.009492652528949451,-0.25905532777763385,12.73694,12.633778,0.041325174,0.050464466
1.5849964148863378,-0.0026682676262214933,0.004311545973396774,0.036606533328659985,12.01589,12.0922785,0.06450768,0.06591981
1.5849430495338133,0.19239159079827073,0.005043676639969973,-0.2547129441849236,12.990306,12.7867155,0.044553198,0.11545386
1.5887908813497786,-0.0028020103302105748,-5.0582243728498726e-05,0.039556568061137776,12.288808,12.319003,0.03109534,0.04418385
1.5887348411431745,0.19232066619895222,0.0007405491174942568,-0.25314231753783095,12.648097,12.503003,0.036503322,0.08560701
1.5925812544671536,-0.0028118514468135625,-0.004322297233262363,0.03977410009155813,11.961721,11.884691,0.2077741,0.08324503
1.5925250174382173,-0.19787155539791013,-0.0035268152314312,0.3310901714765286,12.685781,12.748548,0.09684656,0.11912085
1.588567586330259,-0.002699579718706213,0.0030949881980993714,0.03729714715141197,11.857725,11.885491,0.11201097,0.097207315
1.588513594735885,0.1923778525954716,0.003840931141127611,-0.2544076747654095,12.8850155,12.629058,0.11869839,0.13006161
1.5923611517877945,-0.0027987294359005377,-0.001247222354180579,0.03948426971945862,12.409637,12.209432,0.09111999,0.040651962
1.5923051771990764,-0.1979027733701357,-0.00045753695979140665,0.33177342472121646,12.25527,12.394922,0.08043356,0.09933076
1.5883471217316736,-0.0027743125252439327,0.006177931534632922,0.03894624822854703,12.085963,12.182962,0.07689825,0.07478386
1.5882916354811687,0.19225850485137289,0.006956856499203863,-0.25178109469727816,12.536032,12.514326,0.06942182,0.044946026
1.5921368055781961,-0.0029620930662794254,0.0019212346052583,0.04308801532718176,11.900251,11.9635725,0.108845435,0.09563489
1.5920775637168705,0.1921322556934351,0.002782994911801935,-0.24898812509532786,12.58567,12.309238,0.122661024,0.10890564
1.5959202088307392,-0.0030293286159325805,-0.0021967675901046224,0.04457131716362217,12.097508,12.135075,0.044083815,0.035212014
1.5958596222584205,0.19212405419678488,-0.001305341246832179,-0.24880389988115637,12.43955,12.245105,0.14034116,0.11404778
1.5997021033423562,-0.0029792310495844188,-0.006281419244455307,0.04346700844117618,12.0283785,12.037932,0.12134978,0.086144224
1.5996425187213645,0.19223222739009405,-0.005412079075631783,-0.251191127620196,12.890188,12.7324705,0.07380323,0.10660997
1.6034871632691665,-0.002812023348683357,-0.010435901628035704,0.039779820295474166,12.383972,12.34297,0.1456459,0.13317852
1.6034309228021928,-0.1977827818017687,-0.00964030522212622,0.32915193331903886,12.387184,12.492378,0.07480469,0.08963304
1.5994752671661574,-0.0025249297567049855,-0.003057266555745443,0.033444559098279425,12.399495,12.441729,0.117143765,0.08982938
1.5994247685710232,0.19264073005290944,-0.0023883753737798546,-0.26020139744205356,12.635443,12.177824,0.059677936,0.09356893
1.6032775831720814,-0.0024470448314274362,-0.007592403322620926,0.03172724855773934,12.768179,12.564977,0.071439795,0.050246205
1.6032286422754527,-0.1974592989913129,-0.006957858351466139,0.322005053655727,11.838987,11.942678,0.091325864,0.091080576
1.5992794562956265,-0.0022389604837243227,-0.0005177572783515985,0.02713604024059385,12.445661,12.554243,0.11671677,0.10434967
1.599234677085952,0.1928904119320912,2.49635264602785e-05,-0.2657101997845361,11.661989,11.732828,0.14785443,0.1274742
1.6030924853245938,0.3880120068486904,-0.005289240469230443,-0.5583852527914597,12.554754,11.98007,0.13562298,0.13731566
1.6108527254615677,0.1929647000037505,-0.016456945525059635,-0.26737341445390106,12.286295,12.000069,0.034679297,0.07975936
1.6147120194616427,-0.0019185632468126934,-0.021804413814137655,0.020073772393577605,12.333056,12.291662,0.07775761,0.09580162
1.6146736481967063,-0.19672113927157217,-0.021402938366266104,0.30579818786783747,12.040525,12.106574,0.053837627,0.044815574
1.610739225411275,-0.0013008339932938373,-0.015286974608909355,0.006442883357365814,12.372823,12.3395405,0.08455318,0.069101915
1.610713208731409,-0.19620024999867416,-0.01515811694176204,0.29426365277683275,12.307746,12.488659,0.16591552,0.1553733
1.6067892037314355,-0.0008655067735670596,-0.009272843886225384,-0.0031611170985867965,12.467064,12.380868,0.27057612,0.21811187
1.6067718935959643,-0.1958532527993395,-0.00933606622819712,0.28658175038800804,12.495088,12.62093,0.12541701,0.09308202
1.6028548285399775,-0.0005994097955961397,-0.0036044312204369586,-0.0090310137517432,12.429133,12.413049,0.13202932,0.09517848
1.6028428403440655,-0.19566948349276747,-0.0037850514954718226,0.2825124955601171,12.459855,12.465935,0.04143657,0.046349317
1.5989294506742102,-0.0004937489423024743,0.0018651984157305197,-0.011361811594954196,12.523077,12.549607,0.16942745,0.17623089
1.5989195756953642,0.1946014032362604,0.0016379621838314357,-0.30345566279975666,12.282396,12.06673,0.037635304,0.05674044
1.6028116037600895,-0.0005438532533982021,-0.004431151072163697,-0.010256610067816585,12.109141,12.239069,0.033293057,0.029072193
1.6028007266950215,0.19464136544684055,-0.004636283273520029,-0.3043343179138596,12.54968,12.263756,0.14017563,0.08275434
1.6066935540039584,-0.00041420778939582625,-0.010722969631797221,-0.013117165010670284,12.50099,12.448422,0.06878955,0.05627517
1.6066852698481704,-0.19538074926655183,-0.010985312932010627,0.27616334146506694,12.5295,12.595041,0.16082793,0.14606734
1.6027776548628394,-0.00010380684740593504,-0.005462046102709288,-0.019964015294320292,12.202244,12.112703,0.13029146,0.12628564
1.6027755787258913,-0.19514700224486026,-0.005861326408595694,0.2709905800619108,12.950963,12.888156,0.048402417,0.060353298
1.5988726386809942,-0.39018482504361895,-0.00044151480735747824,0.5618190687624183,11.591826,11.711633,0.07692436,0.07898232
1.5910689421801218,-0.19505668060069314,0.010794866567890887,0.2689970752769094,12.24267,12.449808,0.036614574,0.03369047
1.587167808568108,-9.043181400342215e-05,0.016174808073429074,-0.02026162949759097,12.491022,12.54198,0.031245641,0.037343893
1.587165999931828,0.194795865490883,0.015769575483477256,-0.3077976498065194,12.266156,12.2939825,0.095513344,0.09408154
1.5910619172416456,0.3896896069086816,0.009613622487346866,-0.5954658500886835,12.353385,11.803937,0.11084099,0.14129674
1.5988557093798192,0.1944344367558152,-0.0022956945144268024,-0.2997702676470768,12.235138,12.177808,0.07933823,0.08743061
1.6027443981149356,-0.0006547169936887698,-0.00829109986736834,-0.007812241737972736,12.489351,12.457403,0.23428646,0.18771161
1.602731303775062,-0.19565678682693247,-0.008447344702127794,0.2822432539624109,12.286619,12.401113,0.04337906,0.045799803
1.5988181680385232,-0.0004153699788130294,-0.002802479622879576,-0.013091912204133582,12.211836,12.313228,0.14961046,0.1360788
1.598809860638947,0.1947466600661657,-0.0030643178669622476,-0.3066577356168377,12.85125,12.345629,0.2947953,0.20272247
1.6027047938402703,-0.0003314917291263042,-0.009197472579299001,-0.01494278981010233,12.202151,12.386831,0.063166074,0.061051074
1.6026981640056879,0.19492114673003585,-0.009496328375501047,-0.3105133785720496,12.563188,12.237022,0.037523724,0.024416935
1.6065965869402885,-6.422812475420647e-05,-0.01570659594694204,-0.02084038264343141,12.464303,12.433955,0.10939178,0.10553371
1.6065953023777935,-0.1949574497424733,-0.016123403599810668,0.2668458414749145,12.301989,12.370621,0.03750851,0.029520983
1.602696153382944,0.00039085901554361535,-0.010786486770312378,-0.03087861009755427,12.439942,12.449774,0.04864341,0.051004395
1.6027039705632549,0.19566581984015147,-0.011404058972263462,-0.3269451771841987,12.788563,12.68792,0.062351976,0.06339911
1.606617286960058,0.0007080712230068398,-0.017942962515947437,-0.037880290783360415,12.566415,12.53441,0.051933672,0.061361022
1.606631448384518,-0.19415204211353543,-0.018700568331614646,0.24908788116349706,12.310071,12.432308,0.09919717,0.102063134
1.6027484075422473,0.001231909168285028,-0.013718810708344704,-0.04943444792234991,12.50794,12.559685,0.054809205,0.056731608
1.602773045725613,0.19654786126046003,-0.014707499666791702,-0.3464140106349811,12.388562,12.289419,0.06399732,0.081943616
1.6067040029508224,0.001638169594075034,-0.021635779879491324,-0.05840494234759547,12.204855,12.286732,0.083368115,0.06984125
1.606736766342704,0.19706354812625473,-0.022803878726443235,-0.3578348258668001,12.272199,12.061317,0.04207251,0.014822867
1.610678037305229,0.002273086553520487,-0.029960575243779236,-0.07242886026135509,12.758552,12.721585,0.028475761,0.03794709
1.6107234990362993,-0.19240681368672058,-0.031409152449006335,0.21065284473755447,12.667751,12.755604,0.062898956,0.05658588
1.606875362762565,0.0031498232844295315,-0.027196095554255246,-0.09177020260482255,12.804827,12.746079,0.12326584,0.12715232
1.6069383592282536,-0.1915719762720258,-0.029031499606351697,0.19220982067721132,12.658741,12.765358,0.17346436,0.13152516
1.6031069197028132,0.00395299427842441,-0.02518730319280747,-0.1094881103689655,12.600107,12.436047,0.02644377,0.028571017
1.6031859795883816,-0.19079914305759788,-0.02737706540018678,0.1751431532306555,12.842691,12.859004,0.047086105,0.052256137
1.5993699967272297,0.004703700942985806,-0.02387420233557367,-0.12604907387788378,12.397608,12.135992,0.08807316,0.056718033
1.5994640707460894,-0.1900682378493556,-0.026395183813131346,0.15900722781737614,12.717464,12.710956,0.06536881,0.06440688
1.5956627059891024,-0.3848025453579297,-0.023215039256783823,0.44324765762881435,11.786605,11.879356,0.11153971,0.101069964
1.5879666550819438,-0.18935993128624712,-0.014350086104207536,0.1433381230729709,12.933115,13.08396,0.14532632,0.15187202
1.5841794564562188,0.0059645623977999385,-0.011483323642748119,-0.15383723184683173,12.537659,12.271576,0.055029012,0.0456898
1.5842987477041748,-0.18899109975974052,-0.014560068279684753,0.135200957525982,12.817235,12.791263,0.1593782,0.12905264
1.58051892570898,-0.3839015042386257,-0.011856049129165113,0.423255065853399,12.693269,12.797146,0.11568511,0.12454791
1.5728408956242075,-0.18861361645800495,-0.0033909478120971327,0.12685822527142848,12.834949,12.848528,0.06519731,0.08355274
1.5690686232950475,0.006556748096184173,-0.0008537833066685628,-0.166892575178882,12.26095,12.255716,0.08966675,0.0734489
1.5691997582569712,-0.18855297142108104,-0.004191634810246203,0.1255208851670298,12.821838,12.842821,0.030058796,0.018384587
1.5654286988285495,0.0066287779179936,-0.0016812171069056068,-0.16848150389232647,12.550778,12.260427,0.10428605,0.09537858
1.5655612743869094,-0.18846906844298122,-0.005050847184752136,0.12367057447092389,12.950174,12.942566,0.3663477,0.25543794
1.5617918930180499,-0.38351829563157525,-0.002577435695333658,0.41475574056918774,12.679906,12.776347,0.04221222,0.04167492
1.5541215271054183,-0.1883599078015227,0.005717679116050096,0.12126136592159537,12.965042,12.873346,0.043934003,0.03726941
1.5503543289493877,-0.38356330815781237,0.008142906434482004,0.4157426687991795,12.700454,12.78583,0.21442887,0.17806904
1.5426830627862316,-0.18855770597062274,0.016457759810465593,0.12563795116642051,12.6939335,12.671682,0.084329896,0.08484581
1.538911908666819,-0.38391151815438807,0.018970518833794005,0.4234673484607392,12.704663,12.823916,0.10037551,0.094561964
1.5312336783037312,-0.1890633782257493,0.02743986580300879,0.1368247265516946,12.445215,12.594452,0.041392975,0.043204892
1.5274524107392162,0.005655018728524502,0.03017636033404268,-0.14707660820829627,12.66044,12.643129,0.048789572,0.053744446
1.5275655111137867,-0.1898857812693764,0.027234828169876758,0.1549715589966878,12.664658,12.730243,0.048384868,0.04988648
1.5237677954883992,0.004835848232451506,0.030334259349810513,-0.1289965182719945,12.672443,12.5973,0.14236058,0.12168003
1.5238645124530483,-0.1907072197140631,0.02775432898437062,0.17310004933892448,12.616169,12.770369,0.08576409,0.06605514
1.5200503680587671,0.004006737453981668,0.03121632997114911,-0.11069967692834837,12.517258,12.526625,0.048393596,0.040741846
1.5201305028078467,0.19866778955103917,0.029002336432582144,-0.39337288912711665,12.897052,12.75292,0.06843899,0.044962723
1.5241038585988675,0.0031465436712221906,0.02113487865003981,-0.09168886494864298,12.596634,12.693957,0.14623345,0.12926064
1.524166789472292,0.19795928704939444,0.01930110135106695,-0.37762952603141664,12.766829,12.540785,0.10069262,0.1176813
1.5281259752132799,0.002568609039506037,0.011748510830438617,-0.07892392787743047,12.980089,12.976268,0.047582187,0.056291938
1.52817734739407,-0.19271977388101152,0.010170032272890008,0.21744241308487028,12.538121,12.648137,0.09619969,0.09400618
1.5243229519164498,0.002255327840853777,0.014518880534587414,-0.07201517704079191,12.424026,12.41342,0.037845414,0.033400763
1.5243680584732668,-0.19307173009460984,0.013078576993771575,0.22521293041765272,12.716189,12.904483,0.06431959,0.07549512
1.5205066238713747,0.0018608841409870902,0.01758283560212463,-0.06331599197469501,13.012823,12.938131,0.17662212,0.26539448
1.5205438415541945,-0.19350869090334755,0.01631651576263073,0.2348621593007313,12.666229,12.65592,0.16772775,0.14724018
1.5166736677361277,-0.3888599201415675,0.021013758948645357,0.5326468407322809,12.412798,12.510687,0.11332764,0.08898629
1.5088964693332962,-0.194039726065786,0.031666695763290974,0.2466586589470487,12.630021,12.725805,0.056087844,0.049054302
1.5050156748119805,0.0006159833351753463,0.036599868942231946,-0.035870067152603435,13.096082,13.135013,0.084016226,0.052485343
1.505027994478684,0.19519449016011703,0.03588246759917988,-0.31678440413369874,12.235292,12.295974,0.041480094,0.03339949
1.5089318842818864,0.38978746325339,0.029546779516505906,-0.5979387907876432,12.8476305,12.593477,0.07182018,0.07102526
1.5167276335469542,0.19426480543025224,0.017588003700753044,-0.296097325693082,12.172412,12.134575,0.106310636,0.057938956
1.5206129296555593,-0.0011034055680158583,0.011666057186891404,0.0020802723834237313,12.89135,12.997363,0.112633094,0.11475242
1.520590861544199,0.19384931123676094,0.01170766263455988,-0.2868991606900599,12.268944,12.344339,0.051620856,0.046220027
1.5244678477689342,0.3888023577433173,0.005969679420758682,-0.5758667149294253,12.817187,12.733006,0.11845453,0.11382566
1.5322438949238004,0.1935972350113182,-0.005547654877829825,-0.2813091728948804,12.434517,12.380583,0.082196124,0.038815513
1.5361158396240269,-0.0014451454354647009,-0.011173838335727434,0.009618893581214094,12.866033,12.866977,0.04815088,0.050893497
1.5360869367153176,0.19383525668059734,-0.010981460464103152,-0.2865684636424639,12.769244,12.735674,0.021903066,0.01960003
1.5399636418489295,-0.0011283765285716174,-0.016712829736952428,0.0026308685013076705,12.966467,12.861952,0.078504026,0.074459516
1.5399410743183581,-0.1960067035117333,-0.016660212366926275,0.2899941918550439,12.083631,12.266172,0.11911386,0.09698328
1.5360209402481235,-0.000651198706662276,-0.010860328529825398,-0.007896274596290997,13.173604,13.377477,0.0656773,0.08269432
1.5360079162739904,0.1946248073954645,-0.011018254021751217,-0.30398588361570883,12.738657,12.636957,0.14251113,0.08912336
1.5399004124218996,-0.0003384002395935559,-0.017097971694065392,-0.014798124803150015,13.259999,13.083307,0.060023285,0.07171994
1.5398936444171076,-0.1952110248924622,-0.017393934190128392,0.27244152756829226,12.448117,12.603525,0.14832939,0.14689001
1.5359894239192584,0.00015474646656365998,-0.011945103638762547,-0.025676358599166504,13.030086,13.153475,0.05624158,0.0622383
1.5359925188485897,0.19544594515309743,-0.012458630810745877,-0.3221040349157086,12.822371,12.698768,0.101234525,0.084161475
1.5399014377516516,0.0005036033260236161,-0.018900711509060048,-0.033375958429114394,13.200381,13.075374,0.1534752,0.076558955
1.539911509818172,-0.1943422765965153,-0.019568230677642337,0.25328418006582304,12.50925,12.564193,0.04691365,0.044156514
1.5360246642862416,0.0010535414470305149,-0.014502547076325877,-0.045506126372456046,13.118479,13.138417,0.079492375,0.0807055
1.5360457351151822,0.19638041617214494,-0.015412669603774997,-0.3427292269524018,12.865318,12.675608,0.08309078,0.08293494
1.5399733434386251,0.0014810914095462202,-0.022267254142823035,-0.05494610839089337,13.089847,13.144976,0.066671565,0.053113088
1.5400029652668161,0.19691512727668994,-0.0233661763106409,-0.3545705202948987,12.452546,12.195359,0.057742048,0.111664586
1.5439412678123499,0.002133073621521292,-0.030457586716538875,-0.06934622698756115,12.965874,12.849731,0.15711036,0.15111874
1.5439839292847803,-0.1925392743311447,-0.0318445112562901,0.21357371633683564,12.518488,12.574376,0.15723932,0.104971364
1.5401331437981574,0.0030231422991650325,-0.027573036929553388,-0.0889818893169314,12.9758835,12.820379,0.081687465,0.034589536
1.5401936066441406,-0.1916929553313532,-0.029352674715892015,0.19487579050339282,12.4334545,12.461255,0.09435947,0.07209481
1.5363597475375135,0.003836303982095557,-0.025455158905824157,-0.10692020676143987,13.221097,13.084471,0.09934789,0.08939527
1.5364364736171554,-0.19091179314089712,-0.027593563041052954,0.17762429301770477,12.280855,12.466197,0.08755482,0.07027407
1.5326182377543374,0.004593950705621019,-0.02404107718069886,-0.1236341636781314,12.9769,12.861615,0.12037926,0.13231817
1.5327101167684498,-0.19017547224521403,-0.026513760454261487,0.16136815030571305,12.304628,12.379524,0.11811426,0.11028454
1.5289066073235456,0.005315820197788507,-0.023286397448147225,-0.13955985693213507,12.974109,12.8622055,0.04840874,0.017661827
1.5290129237275014,-0.18946500618717793,-0.026077594586789925,0.14568658824236141,12.400623,12.501408,0.08241649,0.056303944
1.525223623603758,0.006020501469361922,-0.023163862821942695,-0.15510791916162547,12.745127,12.724005,0.09565338,0.112802505
1.5253440336331452,-0.18876226256132508,-0.026266021205175204,0.13017827857644848,12.6490555,12.750121,0.11195031,0.09449814
1.5215687883819187,0.006725908277441295,-0.023662455633646235,-0.1706741547972443,13.06127,12.879463,0.14776431,0.10930362
1.5217033065474674,-0.18804950946804985,-0.02707593872959112,0.11445107006635108,12.76998,12.740129,0.11021237,0.08432716
1.5179423163581065,-0.3827732450264354,-0.0247869173282641,0.39847026162912125,12.950976,12.942938,0.08945051,0.12769975
1.5102868514575778,-0.5775349466007853,-0.016817512095681674,0.6832364661654334,12.745747,12.774078,0.04189136,0.04964542
1.498736152525562,-0.3821835542726253,-0.0031527827723730056,0.38530669944157503,12.717611,12.766671,0.057715498,0.039886132
1.4910924814401094,-0.18701698643110143,0.004553351216458495,0.09163138605110854,12.746737,12.830586,0.07935327,0.062794164
1.4873521417114874,0.008039405361754015,0.006385978937480666,-0.1996114879324038,12.972798,12.905243,0.055160806,0.07231999
1.4875129298187226,-0.18717329691305634,0.00239374917883259,0.09507905985999221,12.908522,12.899129,0.15900978,0.17218241
1.4837694638804615,-0.38232947493281244,0.004295330376032434,0.38851624978768967,12.785906,12.88799,0.060796708,0.075839505
1.4761228743818053,-0.18726875506489665,0.012065655371786228,0.09719069236173306,12.819145,12.873919,0.0953609,0.09992042
1.4723774992805074,0.007678208470215525,0.01400946921902089,-0.19166125129864287,13.051674,13.093683,0.17088439,0.13166265
1.4725310634499118,0.20259697272314667,0.010176244193048033,-0.47989205709285015,12.850438,12.868787,0.091285184,0.07971172
1.4765830029043747,0.3975738007971391,0.0005784030511910305,-0.7693503919208237,12.223665,11.243939,0.15399314,0.23532903
1.4845344789203174,0.20244389321651432,-0.014808604787225442,-0.47648552902286273,12.638944,12.30488,0.060043402,0.05309953
1.4885833567846478,0.00753413529883229,-0.024338315367682696,-0.18850651926341094,13.0442095,12.821422,0.1359179,0.11125305
1.4887340394906245,-0.18723131032056317,-0.028108445752950916,0.09640036761644677,13.08703,13.133756,0.20732474,0.1632579
1.4849894132842132,0.008281990182087196,-0.02618043840062198,-0.20501653161108369,12.862691,12.309923,0.06878773,0.08660332
1.485155053087855,-0.18645597589545954,-0.030280769032843654,0.07929414628827108,12.972761,13.00726,0.13928235,0.12576978
1.4814259335699458,0.00908667937912172,-0.02869488610707823,-0.22278655910405093,13.048307,12.503311,0.12905408,0.051091213
1.4816076671575282,-0.1856136331660255,-0.03315061728915925,0.0607085424713848,12.755724,12.6123905,0.07715177,0.08075968
1.4778953944942077,-0.38024497848337874,-0.03193644643973156,0.3427506591438891,13.454554,13.448583,0.06802192,0.059988786
1.4702904949245401,-0.5748983634441204,-0.025081433256853775,0.6251941294046957,12.786932,12.90032,0.10282954,0.093875594
1.4587925276556577,-0.37943541730829417,-0.012577550668759862,0.3247187582183302,13.510559,13.607287,0.1154677,0.103776656
1.4512038193094918,-0.18413665896227321,-0.006083175504393258,0.028096089425091786,13.252768,13.174098,0.111713886,0.07216601
1.4475210861302463,-0.3791708472953561,-0.005521253715891422,0.3188535164397442,13.2757435,13.252429,0.07638302,0.10047395
1.4399376691843393,-0.5742137298551857,0.000855816612903462,0.6097901406446715,12.983458,13.083834,0.07045444,0.05545178
1.4284533945872355,-0.3791037522800942,0.013051619425796891,0.31737689151264814,13.4294405,13.40376,0.18105815,0.11609806
1.4208713195416336,-0.5744091448055453,0.019399157256049855,0.6141470958875836,12.748643,12.922142,0.04995424,0.06839619
1.4093831366455227,-0.37956356271878244,0.03168209917380153,0.3276367098358189,13.110319,13.168558,0.036408514,0.049840827
1.401791865391147,-0.1849066496362075,0.038234833370517904,0.04511084788413805,13.138342,13.220686,0.18847239,0.17512251
1.3980937323984228,0.009646767327873867,0.03913705032820067,-0.23526768762837674,13.035022,13.093994,0.05765408,0.082573816
1.3982866677449803,0.204188329480778,0.034431696575633136,-0.5153532179888987,13.133527,13.051989,0.08184534,0.08133999
1.402370434334596,0.008598847495440987,0.02412463221585516,-0.212021968728286,13.125067,13.131266,0.186729,0.13860856
1.4025424112845049,0.203367715674201,0.01988419284128944,-0.4969983049106833,13.100784,13.063701,0.030151295,0.1068971
1.4066097655979888,0.007971114765466997,0.009944226743075773,-0.19811577626135302,13.133288,13.082472,0.111352995,0.06950266
1.4067691878932982,-0.18729164822029895,0.0059819112178487125,0.09768744100847332,13.089853,13.131848,0.058331482,0.043371134
1.4030233549288922,0.0077440607231729075,0.00793566003801818,-0.1931022167524611,13.121292,12.995363,0.24568695,0.23253886
1.4031782361433556,-0.18749050640473713,0.004073615702968958,0.10207347242274911,13.238379,13.225955,0.07961017,0.05621965
1.3994284260152607,-0.3826706001905086,0.00611508515142394,0.39603882364474613,12.956433,12.936551,0.15244268,0.10147045
1.3917750140114507,-0.5778787786464683,0.014035861624318862,0.690643440425526,13.079012,13.116743,0.073236786,0.08161696
1.3802174384385213,-0.3829543740062834,0.027848730432829382,0.4024120416913307,13.06366,13.102611,0.07034081,0.06372717
1.3725583509583956,-0.1882382555667963,0.035896971266655996,0.11863758451737594,13.302961,13.344141,0.077313624,0.07071506
1.3687935858470597,0.006351476059964167,0.03826972295700352,-0.1625075298314968,12.934576,13.042719,0.06223636,0.07381357
1.368920615368259,0.2009052659907088,0.035019572360373584,-0.44287598496633257,13.315626,13.092844,0.08736098,0.09100181
1.3729387206880732,0.0053057380161400935,0.02616205266104693,-0.1393629327281521,13.152819,13.119822,0.13319792,0.17986232
1.373044835448396,-0.19018096035500526,0.023374794006483887,0.1614575355437478,13.166133,13.252049,0.05814471,0.058211863
1.369241216241296,0.004598692940366661,0.026603944717358843,-0.12376056645855082,12.943318,12.827469,0.040160943,0.04084415
1.3693331901001033,-0.19089409847772937,0.02412873338818783,0.17719549099321624,13.501703,13.342547,0.20151785,0.20732315
1.3655153081305487,-0.386352892832294,0.027672643208052152,0.4773914995039751,12.628444,12.760891,0.08683367,0.063551106
1.3577882502739027,-0.1916323610354192,0.037220473198131654,0.1935572475679983,13.545337,13.6877,0.18023805,0.2090604
1.3539556030531943,0.002937933003105825,0.04109161814949162,-0.08715576120723267,12.789946,12.735855,0.054084834,0.07696359
1.3540143617132565,-0.19274820108073779,0.039348502925346966,0.21820319586835418,13.252245,13.276617,0.079873204,0.09751464
1.3501593976916417,0.0017898166966650308,0.04371256684271405,-0.061812482009546366,12.98837,13.120296,0.09696401,0.08271669
1.350195194025575,0.19625865479619362,0.04247631720252312,-0.34038968962342936,13.170914,13.239595,0.067640826,0.09581106
1.3541203671214987,0.390751305002106,0.03566852341005453,-0.6193812389318438,13.176413,12.905777,0.13139834,0.19962806
1.3619353932215408,0.19514979678384478,0.023280898631417656,-0.3156812739368237,13.236212,13.15241,0.0580509,0.05977208
1.3658383891572177,-0.0002959030091578829,0.01696727315268118,-0.01574820345124328,13.587613,13.604567,0.088990845,0.096340686
1.3658324710970344,0.1945786588488783,0.016652309083656315,-0.3030298316984844,13.1271,13.117206,0.024616504,0.04832306
1.369724044274012,-0.0007766115059623102,0.010591712449686628,-0.0051420015438465305,13.705256,13.679808,0.09703195,0.074562885
1.3697085120438928,-0.19604884889431257,0.010488872418809697,0.29086383005972377,12.885869,13.057518,0.079957224,0.07532877
1.3657875350660065,-0.0010780161587764514,0.01630614902000417,0.001507340255262668,13.382324,13.382266,0.05407613,0.046624452
1.365765974742831,-0.19642997961674225,0.016336295825109426,0.2992901250004173,12.96668,13.057787,0.18932813,0.14521
1.3618373751504962,-0.001544650808900927,0.02232209832511777,0.011803795721710364,13.283319,13.148105,0.17055662,0.18608184
1.361806482134318,-0.196979499999135,0.02255817423955198,0.31144518907303476,12.808456,12.927946,0.14207733,0.13094656
1.3578668921343353,-0.0021860735198308,0.028787078021012675,0.02596093053834947,13.257654,13.321825,0.030705849,0.045539953
1.3578231706639388,0.1925114733708085,0.029306296631779666,-0.25750215730983933,12.941757,12.718628,0.08082861,0.09876681
1.3616734001313548,-0.0030163527604350204,0.02415625348558288,0.04427846070671049,13.364057,13.501457,0.07768421,0.12457978
1.3616130730761462,0.19175102903768637,0.025041822699717088,-0.2406861296166462,13.28372,13.255281,0.13128525,0.12745275
1.3654480936569,-0.0037195260439625843,0.020228100107384163,0.05978930058831167,13.260935,13.179796,0.033188045,0.052807916
1.3653737031360207,-0.19912557854806184,0.021423886119150398,0.3587850706580266,13.174271,13.3445835,0.12253753,0.15042458
1.3613911915650594,-0.004314634396458905,0.02859958753231093,0.07293385373764166,13.424039,13.350789,0.085246794,0.09138023
1.3613048988771301,-0.1998346750440385,0.030058264607063765,0.37450111320637985,13.844294,13.708697,0.090930045,0.0879719
1.3573082053762493,-0.39537041097972825,0.03754828687119136,0.6765080264207574,12.572103,12.717877,0.05787787,0.076905176
1.3494007971566548,-0.20078975355079015,0.051078447399606514,0.3958793692839229,13.184491,13.22928,0.084446274,0.11795861
1.345385002085639,-0.006428334070606584,0.05899603478528497,0.11972800967407315,12.667227,12.881157,0.08180509,0.08521767
1.345256435404227,0.1878009065290528,0.061390594978766436,-0.1537742079968646,13.002315,13.063204,0.04666496,0.042926557
1.349012453534808,0.38199256834075834,0.05831511081882915,-0.42647547021390736,12.766446,12.759917,0.061151784,0.083106466
1.3566523049016233,0.18609521926396697,0.049785601414551,-0.11599401200869958,13.243321,13.302507,0.0991573,0.09942714
1.3603742092869027,0.38046978163813366,0.047465721174377015,-0.3925636756949213,12.695506,12.63479,0.05905771,0.043540925
1.3679836049196654,0.18470750600302,0.039614447660478586,-0.08530130611198394,13.552976,13.595479,0.14655113,0.12967776
1.3716777550397259,0.37923987748919863,0.03790842153823891,-0.3652273312310777,12.902944,12.846642,0.10468162,0.084847145
1.37926255258951,0.18360027848264063,0.030603874913617355,-0.060836358365988996,13.273389,13.136026,0.21978799,0.28666335
1.3829345581591628,-0.01194679565166365,0.029387147746297575,0.241343036709266,12.6553545,12.791699,0.10640962,0.10997675
1.3826956222461295,0.18274331413890707,0.034214008480482894,-0.041927457690799974,12.90583,12.916067,0.02701978,0.040615283
1.3863504885289077,0.3773583649454287,0.03337545932666689,-0.3236222324047956,12.731382,12.867437,0.040963072,0.05923516
1.3938976558278162,0.571989570373734,0.02690301467857098,-0.6055958893193101,13.186244,13.087652,0.1372462,0.08690146
1.4053374472352909,0.37650195178818935,0.014791096892184778,-0.304562039179486,12.596747,12.592233,0.05012452,0.060810946
1.4128674862710546,0.18117237062795274,0.008699856108595059,-0.00725129307660044,13.137194,13.286615,0.12698443,0.15000352
1.4164909336836138,0.37616848003862247,0.00855483024706305,-0.29717666275593396,13.0847225,12.894773,0.158385,0.15739554
1.4240143032843862,0.1809256285966218,0.0026112969919443703,-0.0018080127667692292,13.108978,13.140083,0.11417171,0.116894156
1.4276328158563185,0.37601003283887785,0.0025751367366089856,-0.29366590099590384,12.8507185,12.822888,0.039291993,0.04845548
1.4351530165130961,0.18085146190993867,-0.003298181283309091,-0.0001719258586970751,13.358488,13.217023,0.027984338,0.032780413
1.4387700457512949,-0.014223033637267013,-0.0033016198004830323,0.2914685624090242,12.037417,12.18873,0.029697029,0.027625386
1.4384855850785496,0.18094583798536804,0.0025277514476974515,-0.0022538238772040753,12.734831,12.768296,0.1162233,0.11373762
1.442104501838257,0.37603144650944254,0.0024826749701533702,-0.29413814365096796,12.297951,12.390445,0.03307408,0.0501841
1.4496251307684458,0.571117914254177,-0.0034000879028659894,-0.586037037739936,13.05567,12.779258,0.06321277,0.05980884
1.4610474890535294,0.37604375066629936,-0.01512082865766471,-0.2944271076543404,12.460815,12.552352,0.07127417,0.08597103
1.4685683640668554,0.5713779772416834,-0.021009370810751517,-0.5918403065452615,12.909674,12.591208,0.1395665,0.1332884
1.479995923611689,0.3765563546982823,-0.03284617694165675,-0.30584866576157127,12.794916,12.661192,0.14795744,0.18572268
1.4875270507056548,0.1819174895407265,-0.03896315025688818,-0.02370288629748546,12.747221,12.792923,0.11260447,0.18006207
1.4911654004964694,0.3775759194079513,-0.03943720798283789,-0.3284200515059493,12.644034,12.469626,0.094553314,0.11242171
1.4987169188846283,0.18303694778768703,-0.046005609012956875,-0.04843002244174294,12.874069,12.7990465,0.10240801,0.15491752
1.502377657840382,-0.011396161442318115,-0.04697420946179173,0.22939017689172359,12.872522,12.861089,0.038084723,0.0322942
1.5021497346115356,-0.20581646753611793,-0.04238640592395726,0.506893603569365,12.885884,13.003644,0.06327757,0.088258535
1.4980334052608133,-0.01012369323930215,-0.03224853385256996,0.20116021772181347,12.515422,12.687862,0.06600991,0.059432607
1.4978309313960272,0.18544427903378288,-0.028225329498133694,-0.10151864129512045,12.864985,12.754608,0.12183285,0.11009034
1.501539816976703,-0.009262031394319026,-0.030255702324036102,0.18212734958622606,12.374501,12.365697,0.02098995,0.032513693
1.5013545763488165,-0.20393827964778385,-0.02661315533231158,0.46511425665845657,12.878466,12.954132,0.070255,0.062074143
1.4972758107558608,-0.008450581742524887,-0.017310870199142448,0.1641632016671325,12.640013,12.764742,0.090160206,0.069792755
1.4971067991210103,0.18691484466500638,-0.014027606165799799,-0.13393017238115068,12.612337,12.709151,0.060812183,0.047874648
1.5008450960143105,0.38223488837435876,-0.016706209613422812,-0.431005393988114,12.841138,12.485181,0.038272616,0.043101292
1.5084897937817976,0.18735343591909936,-0.02532631749318509,-0.1436354047014506,12.653459,12.622923,0.1127101,0.066359416
1.5122368625001796,-0.007396825526610001,-0.028199025587214103,0.14095116322581724,12.659203,12.759259,0.05678139,0.05659313
1.5120889259896475,0.1881174072927645,-0.025380002322697756,-0.16049300605197148,12.793744,12.684162,0.11866153,0.2001688
1.5158512741355028,-0.006632174494349968,-0.028589862443737186,0.12407636688476359,12.64385,12.703402,0.07140373,0.06418346
1.5157186306456158,0.18888745394098164,-0.026108335106041915,-0.17748749805711383,12.820343,12.66241,0.03681759,0.030425204
1.5194963797244354,-0.005851327307064835,-0.029658085067184193,0.10684614389247177,12.843605,12.888165,0.07892792,0.06919814
1.5193793531782942,0.1896828034982163,-0.027521162189334758,-0.1950442663973474,12.655889,12.4969635,0.047512963,0.085266925
1.5231730092482585,-0.005034885911050807,-0.031422047517281705,0.0888314628950691,12.497255,12.357763,0.06852615,0.06709777
1.5230723115300375,-0.1996926790374905,-0.029645418259380323,0.37143745678581974,12.907802,12.955156,0.10837631,0.11225979
1.5190784579492878,-0.004162378024383767,-0.022216669123663928,0.06955640091881599,12.867037,12.760441,0.1339182,0.09707995
1.5189952103888,-0.19895888534233402,-0.020825541105287608,0.3551478906444158,12.866559,12.939238,0.037463393,0.059384476
1.5150160326819533,-0.003547114583972999,-0.013722583292399292,0.05597152871531441,12.964711,12.847115,0.04714876,0.050190426
1.514945090390274,-0.19846964490706706,-0.012603152718093005,0.3442934824704128,12.992061,12.973099,0.09990881,0.11659607
1.5109756974921327,-0.39341005953295266,-0.005717283068684748,0.6329756527363424,12.745869,12.938144,0.10191597,0.12500067
1.5031074963014737,-0.19820881755669867,0.006942229986042099,0.3384977031488981,12.514272,12.515969,0.12577333,0.10865534
1.4991433199503397,-0.003186336559773073,0.013712184049020061,0.04801203011341071,12.978078,13.10477,0.04086611,0.045776848
1.4990795932191443,0.19173633581062555,0.014672424651288275,-0.2403132354898841,12.393846,12.377753,0.08224064,0.049563635
1.5029143199353567,-0.0035921059772040242,0.009866159941490593,0.05696142809463112,12.840685,12.933502,0.044809245,0.057152625
1.5028424778158127,0.1913870017853762,0.011005388503383215,-0.23259239508807183,12.44908,12.546104,0.06166787,0.090562366
1.5066702178515203,0.38634998546457533,0.006353540601621778,-0.521783641650892,12.92684,12.515158,0.060867544,0.046784103
1.5143972175608118,0.1911391818186557,-0.0040821322313960625,-0.2271054179184651,12.42267,12.298392,0.028096862,0.040856823
1.518220001197185,-0.003924193869025511,-0.008624240589765365,0.06428706420024755,12.743133,12.802882,0.065007955,0.06341837
1.5181415173198045,0.19132033813109017,-0.007338499305760414,-0.23110433781600076,12.609528,12.498425,0.022309195,0.01999883
1.5219679240824262,-0.0036959859790079153,-0.01196058606208043,0.05925477220931796,12.780232,12.693853,0.047936827,0.042363245
1.521894004362846,-0.198644421697245,-0.010775490617894071,0.3481401812217433,12.4637985,12.624961,0.0354762,0.027764644
1.517921115928901,-0.0033708792316710645,-0.0038126869934592056,0.052078939507150646,12.84744,12.8152485,0.063396074,0.07373144
1.5178536983442676,-0.19843795407609915,-0.0027711082033161924,0.3435564978096257,12.509692,12.640345,0.10468519,0.10016013
1.5138849392627456,-0.003276690069219268,0.004100021752876322,0.05000102101796777,12.963832,13.015553,0.034106653,0.03551724
1.5138194054613612,0.19178623156912344,0.0051000421732356775,-0.2413854991429456,12.387118,12.463617,0.05767423,0.05165911
1.5176551300927437,0.3868349606895308,0.0002723321903767657,-0.5324553819569133,12.870615,12.450337,0.07051388,0.018094257
1.5253918293065343,0.1917091802123728,-0.010376775448761501,-0.23968665643179676,12.256204,12.199884,0.056054898,0.048396654
1.5292260129107818,-0.0032630090370361353,-0.015170508577397438,0.049705164767417265,13.212469,13.27592,0.18537165,0.16509946
1.529160752730041,0.1920731503565566,-0.014176405282049092,-0.24772531678219173,12.413527,12.102112,0.037874818,0.056589805
1.533002215737172,-0.002843500343907651,-0.019130911617692925,0.040452556841411524,13.103134,13.141249,0.25802067,0.21120913
1.532945345730294,0.192547486755266,-0.018321860480864694,-0.25820443675766075,12.781243,12.289882,0.041814756,0.02846595
1.5367962954653993,-0.0023081669730729004,-0.02348594921601791,0.028643661189767744,12.987483,12.833895,0.03521111,0.092155404
1.5367501321259378,-0.1970855781379204,-0.022913075992222556,0.31382496940319216,12.383519,12.570299,0.12959793,0.17114767
1.5328084205631793,-0.001644842867300017,-0.016636576604158713,0.014004964338563797,13.435287,13.275742,0.07521324,0.08066498
1.5327755237058334,-0.19652430212632838,-0.016356477317387437,0.30139277283948507,12.37842,12.372759,0.106770314,0.066916026
1.5288450376633067,-0.39140935417255224,-0.010328621860597735,0.5888726580321644,12.4807205,12.604485,0.12227749,0.098155886
1.5210168505798556,-0.19614430434424857,0.001448831300045552,0.2929541455342859,12.738572,12.800362,0.11713389,0.10321633
1.5170939644929706,-0.001043040114000332,0.00730791421073127,0.0007285125966251527,12.688186,12.782228,0.04736238,0.045870516
1.5170731036906906,0.19397334659911297,0.0073224844626637725,-0.2896397486268639,12.706407,12.557632,0.025600871,0.039082002
1.5209525706226728,-0.0012522507859722143,0.001529689490126494,0.005343587860828891,12.898374,12.7781515,0.070874125,0.07797884
1.5209275256069532,-0.19639610650281214,0.0016365612473430717,0.2985087575007228,12.470166,12.642718,0.049507864,0.048784897
1.5169996034768969,-0.0012975218862106563,0.007606736397357528,0.006342421271864018,13.078903,13.026894,0.03311631,0.033217732
1.5169736530391726,-0.19652773377383828,0.007733584822794809,0.3014156257058581,12.121449,12.197442,0.087278746,0.072549514
1.5130430983636958,-0.0015168569860532777,0.013761897336911971,0.011181709211214363,13.131091,13.026182,0.11939265,0.09171589
1.5130127612239748,-0.1968334408700234,0.013985531521136258,0.30817471235223554,11.965659,12.076434,0.050474256,0.056460273
1.5090760924065743,-0.0019135301750567157,0.020149025768180968,0.01993505210606583,13.2977495,13.085709,0.11526,0.094275095
1.509037821803073,-0.19731855796093983,0.020547726810302286,0.31890651017898664,12.257036,12.41831,0.08408342,0.075176105
1.5050914506438544,-0.002495187554814954,0.026925857013882018,0.03277375114060699,12.751819,12.863963,0.10712723,0.10029086
1.505041546892758,0.1922304948106306,0.027581332036694158,-0.25129365100198814,12.713091,12.74904,0.07382615,0.042871602
1.5088861567889706,0.386947953125217,0.022555459016654397,-0.5351508664327538,12.860166,12.618372,0.07942084,0.105601124
1.516625115851475,0.19151620862391805,0.01185244168799932,-0.2354470730713149,12.741431,12.728287,0.017611507,0.017921777
1.5204554400239534,-0.0037730597375447983,0.007143500226573022,0.06095079024977196,12.814275,12.843793,0.09102414,0.10058614
1.5203799788292025,0.19124574444761566,0.008362516031568462,-0.22946978105699917,12.260721,12.226812,0.046316445,0.02949021
1.5242048937181547,-0.003994703290899765,0.003773120410428478,0.06583920154983569,12.810946,12.809027,0.075041056,0.06482625
1.5241249996523367,-0.19917054679652849,0.005089904441425192,0.35971017762280266,12.324571,12.422925,0.07676318,0.09434487
1.5201415887164063,-0.004121318211219166,0.012284107993881245,0.06863655005495334,12.743172,12.873175,0.10056094,0.11976043
1.520059162352182,0.19082238275684166,0.013656838994980313,-0.2201455021008364,12.390893,12.378168,0.074978665,0.05910861
1.5238756100073187,-0.00449209217035923,0.009253928952963585,0.07681387560370073,12.945059,13.020497,0.13575046,0.14623968
1.5237857681639115,0.19049598325280687,0.010790206465037599,-0.21293509795643872,13.019354,12.932332,0.059318043,0.07517554
1.5275956878289676,-0.004778562495269811,0.006531504505908824,0.08313192832410315,12.728276,12.713503,0.097354,0.07905294
1.5275001165790623,-0.19999352899065678,0.008194143072390888,0.3778683807773714,12.057746,12.276728,0.11368536,0.13485226
1.523500245999249,-0.004988905097766838,0.015751510687938314,0.08778031602730774,12.400636,12.552668,0.051372588,0.040476162
1.5234004678972937,0.1899037643109916,0.01750711700848447,-0.19989167006019676,12.38468,12.508101,0.19461988,0.16098109
1.5271985431835136,0.3847710017868579,0.013509283607280534,-0.4870009029621054,12.975851,12.700486,0.053787913,0.0734378
1.5348939632192506,0.1894610649500611,0.0037692655480384245,-0.19009112188248845,12.793887,12.755709,0.12842216,0.10475447
1.5386831845182518,-0.005714606766193342,-3.255688961134465e-05,0.10377846744278668,12.640879,12.749057,0.13539328,0.13866179
1.538568892382928,0.18940781100954196,0.002043012459244389,-0.1889147307912452,12.694074,12.678154,0.024019562,0.0395387
1.5423570486031188,-0.005743309182177636,-0.0017352821565805154,0.10441198383579342,12.567244,12.658167,0.13637456,0.1079861
1.5422421824194752,0.1894034670195117,0.0003529575201353533,-0.18881791244475804,12.850569,12.763748,0.15569517,0.13291447
1.5460302517598654,-0.0057235320714612015,-0.0034234007287598078,0.10397633746892021,12.06181,12.095415,0.15465996,0.1478527
1.545915781118436,0.1894473118673051,-0.0013438739793814034,-0.18978469078543897,12.683617,12.523577,0.106576525,0.08673155
1.5497047273557822,-0.005655387697211134,-0.005139567795090182,0.1024739954641542,12.281888,12.347094,0.06886219,0.06468941
1.549591619601838,0.1895398412209625,-0.0030900878858070983,-0.19182600711654124,12.756452,12.53644,0.01693148,0.032759186
1.5533824164262573,-0.005537768534794013,-0.006926608028137923,0.09988052608071807,12.335831,12.540133,0.09323704,0.14493155
1.5532716610555615,0.18968276446234097,-0.004928997506523562,-0.1949796552162727,12.675044,12.672725,0.0672964,0.051033664
1.5570653163448083,-0.005368334943139125,-0.008828590610849016,0.09614432042272464,12.736005,12.839212,0.042447764,0.061500344
1.5569579496459456,0.1898790314790311,-0.006905704202394523,-0.19931088743340586,12.385785,12.285292,0.088089086,0.07187844
1.5607555302755263,-0.005143472115057779,-0.01089192195106264,0.09118563180215972,12.817598,12.894217,0.07231099,0.058917105
1.5606526608332252,0.19013288946090837,-0.009068209315019447,-0.20491369766549933,12.231165,12.256002,0.064882495,0.04363994
1.5644553186224432,0.38538333867353364,-0.013166483268329435,-0.5004433466286485,12.562185,12.204882,0.074197315,0.08897877
1.5721629853959138,0.19044944784482853,-0.023175350200902403,-0.2119386890200372,12.425394,12.399028,0.094902895,0.09199764
1.5759719743528104,-0.004333615884647368,-0.02741412398130315,0.07334450400501802,13.007883,12.947561,0.053836573,0.05254302
1.5758853020351176,-0.1990520443129517,-0.02594723390120279,0.35725365739457143,12.115,12.162987,0.07740501,0.07759135
1.5719042611488585,-0.0035709970959671156,-0.01880216075331136,0.056503157249687075,12.674313,12.707439,0.11498269,0.087002724
1.5718328412069391,0.1918154289718461,-0.017672097608317616,-0.24205218800418515,12.75453,12.684317,0.017884709,0.024525112
1.575669149786376,-0.0030496888742899964,-0.02251314136840132,0.04500452095961194,12.244525,12.276093,0.054361682,0.059232403
1.5756081560088901,0.19238773340964235,-0.02161305094920908,-0.2546956282091781,12.680638,12.449331,0.07598016,0.07105637
1.579455910677083,-0.0024190618607901893,-0.026706963513392645,0.031092575872392114,12.3194275,12.425318,0.050983384,0.04057193
1.579407529439867,0.19307549859599019,-0.026085111995944803,-0.2698956058147242,12.866514,12.29566,0.11895468,0.07008869
1.5832690394117868,-0.001664683716444293,-0.031483024112239286,0.014447139297269707,12.474955,12.459364,0.060741797,0.06888815
1.583235745737458,-0.1963213141108056,-0.031194081326293893,0.29703291180209274,12.646568,12.6418,0.040495582,0.037799757
1.5793093194552419,-0.3909850157400516,-0.02525342309025204,0.5797168369718894,11.905698,12.034533,0.047692686,0.042771135
1.5714896191404408,-0.19551844574467786,-0.013659086350814252,0.27918675170185137,12.620573,12.650085,0.0856495,0.07079087
1.5675792502255472,-0.00020433243008416424,-0.008075351316777224,-0.017772735303081766,12.558608,12.641418,0.021599494,0.036239777
1.5675751635769455,0.1950324920579218,-0.00843080602283886,-0.3129925508354075,13.01492,12.762108,0.15504393,0.09694447
1.571475813418104,3.165358982609723e-05,-0.01469065703954701,-0.022980315953199215,12.675829,12.700218,0.022461956,0.024699556
1.5714764464899005,0.1953611681508102,-0.015150263358610996,-0.3202618698429372,13.125549,12.917806,0.13467848,0.122816555
1.5753836698529167,0.000458217791918486,-0.02155550075546974,-0.032395002823096264,12.047312,11.856917,0.04177728,0.023056777
1.575392834208755,-0.1943480918160476,-0.022203400811931666,0.2534097516990818,12.940152,12.943121,0.01961211,0.024616992
1.5715058723724342,0.0010837445257983747,-0.01713520577795003,-0.04619300967296963,12.222338,12.169843,0.038923364,0.029138204
1.5715275472629502,-0.1937883603051131,-0.018059065971409424,0.24103473157750932,12.800928,12.853003,0.119658895,0.09764483
1.567651780056848,0.001586842733316024,-0.013238371339859237,-0.05728936282248831,12.19297,12.184671,0.056321707,0.039191213
1.5676835169115142,-0.19334281590363486,-0.014384158596309003,0.2311875362949753,12.885725,12.957811,0.110471815,0.12209418
1.5638166605934416,0.001981689847777718,-0.009760407870409497,-0.06599770958383205,12.67055,12.571871,0.12528819,0.09854319
1.563856294390397,-0.1929989741061099,-0.011080362062086138,0.22358984089831657,12.642566,12.7339325,0.12224178,0.1164041
1.559996314908275,0.002279578089826012,-0.006608565244119806,-0.07256756595861219,12.789134,12.641764,0.087175235,0.07578534
1.5600419064700715,-0.1927470101274816,-0.00805991656329205,0.21802302428419096,12.865048,12.898448,0.078835204,0.07095025
1.5561869662675218,0.0024892253093570516,-0.003699456077608231,-0.07719140649674056,12.444843,12.531611,0.11077634,0.086861625
1.556236750773709,0.19766401470356904,-0.005243284207543042,-0.37103922482825363,12.60298,12.440321,0.10863648,0.0948597
1.5601900310677803,0.0026169465955775406,-0.012664068704108114,-0.08001416283058316,13.137266,13.085632,0.053132106,0.07323022
1.560242369999692,-0.19232119438207648,-0.014264351960719778,0.20864646433584005,12.580332,12.633909,0.072639816,0.069081604
1.5563959461120505,0.0030017871562572906,-0.010091422674002978,-0.08850177870800546,12.97019,12.812754,0.08341977,0.07833358
1.5564559818551755,-0.19197407242391343,-0.011861458248163087,0.20098029108854493,12.353286,12.364095,0.09884652,0.110424705
1.5526165004066972,0.00331549573322959,-0.007841852426392189,-0.09542064126027078,12.8629,12.6925125,0.059025094,0.05890824
1.5526828103213617,-0.19169318867105362,-0.009750265251597605,0.19477791041515918,12.314723,12.372386,0.09985791,0.08513186
1.5488489465479407,0.003566867657392281,-0.005854707043294421,-0.10096478456286262,12.742278,12.535382,0.033127688,0.010292472
1.5489202839010885,-0.1914706894688584,-0.007874002734551673,0.18986526303993817,12.36902,12.485447,0.04723808,0.04576313
1.5450908701117114,0.0037630192078846603,-0.004076697473752909,-0.10529115454932203,12.810518,12.598622,0.076785184,0.040606465
1.545166130495869,-0.19130027373747774,-0.006182520564739349,0.18610280774939497,12.68194,12.7358265,0.02797851,0.045815725
1.5413401250211194,0.003909586747117139,-0.00246046440975145,-0.10852403624985973,12.782616,12.665117,0.05687572,0.069990255
1.5414183167560618,-0.19117701980892668,-0.004630945134748645,0.18338161200413167,12.699306,12.717141,0.03149532,0.027064927
1.5375947763598832,0.004010886771469241,-0.0009633128946660119,-0.11075860142626326,12.40699,12.334597,0.10181042,0.065324195
1.5376749940953125,-0.19109724742122214,-0.003178484923191277,0.1816202501244299,12.724073,12.743294,0.18172665,0.18081354
1.533853049146888,0.0040700410562458655,0.0004539200792973209,-0.11206367678982881,12.882072,12.776064,0.057188947,0.054822497
1.533934449968013,-0.19105841153734376,-0.0017873534564992553,0.18076242444558377,12.754745,12.767582,0.062460057,0.06563455
1.530113281737266,0.004089070298001041,0.0018278950324124204,-0.11248381237563376,13.092349,12.905836,0.04814832,0.035918258
1.530195063143226,-0.19105902527993782,-0.00042178121510025486,0.18077524281003,12.965802,12.822856,0.023744768,0.02408482
1.5263738826376272,-0.3861749384479638,0.003193723641100345,0.47332508285525454,12.951502,13.151451,0.07307805,0.06626409
1.518650383868668,-0.19109823712082552,0.012660225298205437,0.18165047633540715,12.773411,12.955597,0.07304618,0.071446545
1.5148284191262515,0.0038402887920421513,0.01629323482491358,-0.107011872288159,12.700892,12.580346,0.074599706,0.04247136
1.5149052249020925,-0.19151131359188733,0.014152997379150399,0.19076663632771557,13.067133,13.046835,0.07884811,0.13106792
1.5110749986302547,-0.38683284736106427,0.01796833010570471,0.48788043653773905,12.531095,12.708727,0.0798137,0.09112705
1.5033383416830335,-0.1919689633777786,0.02772593883645949,0.200914199531473,12.793518,12.712937,0.12104559,0.108905084
1.499498962415478,-0.3874762554758976,0.03174422282708895,0.5022128076852824,12.667272,12.686461,0.08085652,0.080778845
1.49174943730596,-0.19281579546392752,0.041788478980794595,0.2197004583452143,12.61436,12.65766,0.096889906,0.10240143
1.4878931213966815,0.001684674464104835,0.04618248814769888,-0.059513307451897035,12.916097,12.884479,0.0754994,0.061594114
1.4879268148859637,-0.19406797287254512,0.04499222199866094,0.2473754155848521,12.189882,12.332776,0.13001572,0.11435274
1.4840454554285127,0.00038349707444013115,0.04993973031035798,-0.03078336713555102,12.818193,12.900421,0.035656895,0.059138224
1.4840531253700016,0.19475503521454415,0.04932406296764696,-0.307301002745616,12.834152,12.653511,0.11635233,0.0625433
1.4879482260742924,-0.001033781118387811,0.04317804291273464,0.0005204439140610306,12.820192,12.834917,0.051592078,0.049291387
1.4879275504519247,0.1934431899836805,0.04318845179101586,-0.2782327255443944,12.399368,12.28032,0.071006976,0.05877614
1.4917964142515983,-0.002267421908066225,0.03762379728012797,0.027752906958194268,13.181307,13.009232,0.04182233,0.037256856
1.491751065813437,-0.19790816182710366,0.038178855419291856,0.3320651238069071,12.128958,12.178652,0.046364557,0.050954472
1.487792902576895,-0.003349853779623574,0.04482015789543,0.05166218751141044,12.910688,12.943403,0.038229942,0.0377528
1.4877259055013026,0.19110172488183524,0.04585340164565821,-0.22654954692344365,11.826104,11.94524,0.03064081,0.019171
1.4915479399989393,0.3855393956895018,0.04132241070718934,-0.5044233213566949,12.839518,12.78248,0.057509318,0.043155767
1.4992587279127294,0.1898601845021984,0.03123394428005544,-0.19900973510184805,12.049915,12.018738,0.048898958,0.033218935
1.5030559316027734,-0.005694254662190673,0.02725374957801848,0.10336014069968563,13.076259,13.250673,0.06790944,0.06543086
1.5029420465095296,0.18902673521327262,0.029320952392012194,-0.18060126610619454,12.173364,12.267575,0.064820446,0.07373493
1.506722581213795,0.38371711120778795,0.025708927069888303,-0.46389218006327976,12.998151,12.90536,0.17992999,0.118399225
1.5143969234379508,0.18824146725055876,0.01643108346862271,-0.1632180163899027,12.331568,12.317993,0.04268687,0.031781714
