,Pos,Vel,Angle,Vel_tip,Mean_1,Mean_2,Variance_1,Variance_2
0,-0.03546477333226671,0.17850422534017357,0.04697969471779301,-0.2644304240432381,6.6195083,6.6589346,0.04289569,0.038359042
1,-0.031894688825463244,-0.017255697942285375,0.04169108623692824,0.04269242546854307,6.7150927,6.6143737,0.0642895,0.060081508
2,-0.03223980278430895,0.17724438632311773,0.042544934746299105,-0.23655055653146206,6.688552,6.795394,0.07572637,0.078219414
3,-0.028694915057846593,0.37173349539499023,0.03781392361566986,-0.5155157928741847,6.773628,6.7988815,0.0731015,0.05344536
4,-0.021260245149946788,0.5663031108825359,0.027503607758186166,-0.7960469363864011,6.697329,6.7170763,0.033869464,0.04370344
5,-0.00993418293229607,0.3708147356416446,0.011582669030458143,-0.4948402329197721,6.669427,6.653196,0.032176435,0.029064802
6,-0.002517888219463178,0.5657714425692879,0.0016858643720627006,-0.7838504486928246,6.7297754,6.7573442,0.022303546,0.026178673
7,0.00879754063192258,0.760870186066136,-0.01399114460179379,-1.0760025041743262,6.8816376,6.961589,0.037802625,0.027928416
8,0.024014944353245297,0.9561741642881323,-0.035511194685280315,-1.3730430609113777,6.463791,6.4670076,0.065508045,0.07127166
9,0.043138427639007944,0.7615137208095268,-0.06297205590350786,-1.091674580120067,6.511584,6.120862,0.071614854,0.03593037
10,0.05836870205519848,0.5672756121435498,-0.0848055475059092,-0.8193964625771952,6.5896363,6.314966,0.04613784,0.0881324
11,0.06971421429806948,0.3734103653122902,-0.1011934767574531,-0.5545466277559652,6.891366,6.4796844,0.05528525,0.04099264
12,0.0771824216043153,0.17984402152169326,-0.11228440931257241,-0.29538258354529495,6.7265716,6.506797,0.03374115,0.044736233
13,0.08077930203474916,-0.01351301825660961,-0.11819206098347831,-0.04011575004140144,6.7946177,6.7592955,0.064163685,0.07747364
14,0.08050904166961696,-0.20675924098247705,-0.11899437598430634,0.21306367475720323,6.55354,6.531652,0.049212486,0.04153229
15,0.07637385684996742,-0.010154794802572836,-0.11473310248916228,-0.11465941158011012,6.909785,6.960102,0.03725036,0.046655636
16,0.07617076095391596,0.18640822707554403,-0.11702629072076448,-0.4412230276404479,6.6563215,6.6903634,0.033980414,0.03239481
17,0.07989892549542685,-0.006880044763377918,-0.12585075127357342,-0.18760094070593036,6.881051,6.6387124,0.036128867,0.019350411
18,0.07976132460015929,-0.19999779255031694,-0.12960277008769203,0.0628821707137377,6.6569376,6.6374865,0.018841969,0.027341956
19,0.07576136874915296,-0.39304635373264996,-0.12834512667341727,0.31202982006179936,6.7821097,6.6976547,0.027396077,0.034279257
20,0.06790044167449996,-0.5861285053415245,-0.12210453027218128,0.5616409563320124,6.6589026,6.6360154,0.046178732,0.048408896
21,0.05617787156766947,-0.7793443955149469,-0.11087171114554104,0.8134973151533356,6.8312035,6.8273544,0.035930343,0.042486995
22,0.04059098365737053,-0.9727874377338228,-0.09460176484247432,1.0693507331420609,6.6626396,6.5934114,0.056319676,0.058567364
23,0.021135234902694075,-1.1665396248913462,-0.0732147501796331,1.330908043301738,6.8948584,6.862532,0.07079132,0.074348986
24,-0.00219555759513285,-1.3606657230827286,-0.046596589313598336,1.5998111829000121,6.7418594,6.6975226,0.038810845,0.03360895
25,-0.02940887205678742,-1.1650238431331295,-0.014600365655598094,1.2929724544102208,6.4831047,6.769648,0.11164326,0.08092897
26,-0.05270934891945001,-0.9697193895635035,0.011259083432606322,0.9957546433898325,6.616056,6.636636,0.017996328,0.015563782
27,-0.07210373671072008,-0.7747498136472396,0.031174176300402975,0.706628916687823,6.563984,6.6338296,0.023759002,0.016450457
28,-0.08759873298366487,-0.5800733110818197,0.04530675463415944,0.42391976899247175,6.644361,6.670002,0.08719867,0.10020985
29,-0.09920019920530126,-0.7758068193505442,0.053785150014008874,0.7305343752811577,6.6170015,6.5326905,0.054677736,0.04557699
30,-0.11471633559231215,-0.9716292410453116,0.06839583751963203,1.0396484588881805,6.902733,6.8368216,0.013562688,0.031926338
31,-0.13414892041321838,-0.7774794147548271,0.08918880669739565,0.7691973293439265,6.3591957,6.483734,0.014987596,0.01791486
32,-0.14969850870831491,-0.5836908698837613,0.10457275328427418,0.5058566441062041,6.7272363,6.8401566,0.052659027,0.05883657
33,-0.16137232610599014,-0.39018594688861197,0.11468988616639826,0.24787324908077707,6.6476107,6.7423897,0.056094717,0.03957667
34,-0.16917604504376238,-0.5867431207874432,0.11964735114801381,0.5744169871668707,6.79135,6.7727137,0.04373357,0.034387734
35,-0.18091090745951124,-0.3934838049667003,0.13113569089135121,0.3216929440288705,6.403515,6.639383,0.016100412,0.016805641
36,-0.18878058355884525,-0.2004493462002583,0.13756954977192862,0.07307082697079842,6.6926093,6.8036003,0.0637599,0.053591434
37,-0.19278957048285042,-0.007540287196896117,0.1390309663113446,-0.17324092507087815,6.552391,6.5763106,0.060586218,0.0662569
38,-0.19294037622678833,-0.20434992190778414,0.13556614780992704,0.15986847790926026,6.841511,6.8310723,0.060346063,0.03711763
39,-0.19702737466494402,-0.011402963157849583,0.13876351736811224,-0.08716204219361284,6.4741273,6.7083826,0.023099404,0.03646781
40,-0.19725543392810102,0.1814853640403201,0.13702027652423998,-0.33304773068864424,6.7147026,6.7582407,0.03220917,0.033975713
41,-0.1936257266472946,-0.015293736355243226,0.1303593219104671,-0.0004875505965648008,6.695024,6.6770744,0.02268933,0.010715359
42,-0.19393160137439946,0.1777411108009326,0.1303495708985358,-0.24936585780158088,6.670076,6.838937,0.046906073,0.06659734
43,-0.1903767791583808,0.37078400409875467,0.12536225374250418,-0.49825934131027616,6.6198936,6.660537,0.090722196,0.09019568
44,-0.1829610990764057,0.1741381829579295,0.11539706691629865,-0.16884535409904922,6.8238726,6.7407136,0.027812777,0.046969943
45,-0.17947833541724711,0.36743551704775457,0.11202015983431766,-0.4230114757797916,6.488478,6.553065,0.026408084,0.031629406
46,-0.17212962507629204,0.17091963810227748,0.10355993031872184,-0.09722011962128685,6.768491,6.7537627,0.040020436,0.0393201
47,-0.16871123231424648,0.3644166366312538,0.10161552792629609,-0.3555183887933006,6.694982,6.718805,0.07907124,0.08446043
48,-0.1614228995816214,0.168007774661084,0.09450516015043008,-0.03260125563989963,6.8542833,6.829921,0.1078037,0.12536944
49,-0.1580627440883997,-0.028333437206971235,0.09385313503763208,0.2883395422689494,6.593953,6.5686135,0.034091044,0.041727506
50,-0.15862941283253915,0.16533355848505835,0.09961992588301107,0.02666986511651298,6.4480376,6.728549,0.02552177,0.024749136
51,-0.155322741662838,-0.03106544049161092,0.10015332318534133,0.3490475941057652,6.6482263,6.638533,0.036645144,0.019629352
52,-0.1559440504726702,0.16250004232777313,0.10713427506745662,0.08955022527625772,6.4019637,6.6306047,0.0699597,0.05375871
53,-0.15269404962611474,0.3559362636042261,0.10892527957298177,-0.16750328079585924,6.583229,6.6854873,0.077986926,0.056388117
54,-0.14557532435403023,0.5493441256139959,0.10557521395706458,-0.4239349839488433,6.4475045,6.4760103,0.025757909,0.03491137
55,-0.1345884418417503,0.35289739582806656,0.09709651427808771,-0.09992409539456909,6.8496985,6.8127685,0.053748738,0.07274021
56,-0.12753049392518898,0.5465033840947796,0.09509803237019633,-0.36046366204234465,6.5284386,6.583829,0.023166714,0.021042667
57,-0.11660042624329338,0.740153976712109,0.08788875912934943,-0.6217103624851161,6.6440263,6.6625123,0.04922666,0.031633858
58,-0.1017973467090512,0.9339458053370627,0.07545455187964711,-0.8854700864067422,6.650248,6.6607523,0.021384839,0.019329824
59,-0.08311843060230995,0.7378850130346285,0.05774515015151227,-0.5700530944238762,6.662175,6.6396704,0.031466983,0.0278698
60,-0.06836073034161738,0.9321516050362103,0.046344088263034745,-0.8439996399034189,6.4394484,6.505229,0.036117382,0.053821307
61,-0.04971769824089317,1.126611522964245,0.029464095464966367,-1.1217560456365443,6.7247925,6.8159738,0.067376845,0.10656618
62,-0.02718546778160827,0.9311158389116974,0.00702897455223548,-0.8199786067666957,6.488986,6.4840646,0.039758217,0.04270969
63,-0.008563151003374323,0.735898401680422,-0.009370597583098432,-0.5250931831434521,6.7914095,6.7673097,0.037600487,0.033375517
64,0.006154817030234117,0.5409095628056159,-0.019872461245967477,-0.23537768130844433,6.7989664,6.784626,0.10546536,0.10369343
65,0.016973008286346434,0.7363097195315703,-0.024580014872136364,-0.5342621625694048,6.6149497,6.6257195,0.014197945,0.013806242
66,0.031699202676977845,0.9317685588339367,-0.03526525812352446,-0.8345876538724801,6.580619,6.732351,0.056574773,0.070761904
67,0.05033457385365658,1.1273540962823496,-0.05195701120097407,-1.1381493877000894,6.595619,6.6516304,0.058555666,0.044898506
68,0.07288165577930358,0.9329486768794542,-0.07471999895497586,-0.8622032621546756,6.903968,6.6935515,0.09607793,0.06661392
69,0.09154062931689266,0.7389193115519938,-0.09196406419806938,-0.5939185412631094,6.550331,6.502561,0.019074416,0.0190177
70,0.10631901554793254,0.5451967767107263,-0.10384243502333157,-0.33156200332624214,6.8229094,6.7873445,0.062563896,0.0873841
71,0.11722295108214706,0.7416317456778954,-0.11047367508985641,-0.6551020653867619,6.546941,6.7121058,0.030974427,0.048577294
72,0.13205558599570497,0.5482071569602476,-0.12357571639759164,-0.39914709608147575,6.663598,6.5385957,0.041874897,0.068998925
73,0.14301972913490993,0.3550350673437086,-0.13155865831922114,-0.1478374520272664,6.934194,6.82489,0.045832057,0.035613704
74,0.1501204304817841,0.551771554182724,-0.13451540735976647,-0.4789588445764326,6.351727,6.5338526,0.022670716,0.03200925
75,0.1611558615654386,0.35877952911952926,-0.14409458425129512,-0.23151428845000158,6.814143,6.651187,0.071937256,0.08549205
76,0.16833145214782919,0.16597900242159722,-0.14872487002029516,0.012471960710308039,6.6068788,6.6061387,0.017666418,0.041578103
77,0.17165103219626113,-0.026731748822883566,-0.148475430806089,0.25478293991049406,6.952194,6.9264045,0.06825475,0.096139655
78,0.17111639721980346,0.17016375769049746,-0.1433797720078791,-0.0808024514811917,6.61769,6.680093,0.040185288,0.048636954
79,0.1745196723736134,0.36701891741584947,-0.14499582103750294,-0.4150645820895685,6.601175,6.6674223,0.056953717,0.051361807
80,0.1818600507219304,0.1742176288938858,-0.1532971126792943,-0.17137694559802888,6.5881987,6.4144583,0.11107323,0.08066215
81,0.1853444032998081,-0.018415825392329332,-0.15672465159125487,0.06929167740935249,6.6925187,6.5273438,0.036030054,0.049555726
82,0.18497608679196154,-0.2109842002093598,-0.15533881804306782,0.3087153573606959,6.722586,6.601283,0.023236591,0.020994686
83,0.18075640278777433,-0.4035910721237208,-0.1491645108958539,0.5486607796625311,6.849717,6.8285017,0.045985494,0.0575954
84,0.1726845813452999,-0.5963375415747968,-0.13819129530260327,0.7908780591180975,6.6174192,6.6154227,0.017833132,0.016513819
85,0.16075783051380396,-0.7893188771075763,-0.12237373412024131,1.037091406403943,6.7065873,6.702601,0.014031666,0.012980104
86,0.14497145297165243,-0.5928017280607512,-0.10163190599216246,0.7086319634809203,6.647475,6.7715592,0.03437305,0.048215102
87,0.1331154184104374,-0.7863800496906634,-0.08745926672254405,0.9676727583207121,6.626525,6.571519,0.049911406,0.03553068
88,0.11738781741662413,-0.9802256726827293,-0.0681058115561298,1.2316495830754932,6.6793313,6.622657,0.030247036,0.015550923
89,0.09778330396296954,-0.7842971125471919,-0.04347281989461993,0.9184304429744381,6.797431,6.8209143,0.008749807,0.01672424
90,0.0820973617120257,-0.978805268934041,-0.025104211035131167,1.1971400386262656,6.704357,6.61747,0.02541015,0.019374954
91,0.06252125633334488,-0.7833675450715094,-0.0011614102626058553,0.8966959619303563,6.7922974,6.8083563,0.04593657,0.05022935
92,0.046853905431914686,-0.9784737317974043,0.01677250897600127,1.1890135900985606,6.692436,6.6382856,0.034427654,0.04953749
93,0.0272844307959666,-0.783573156523727,0.04055278077797248,0.9016347343072152,6.7818093,6.857348,0.031095577,0.027342489
94,0.011612967665492059,-0.5890233974158169,0.058585475464116785,0.6219692696597566,6.585925,6.6856146,0.036885083,0.055614926
95,-0.00016750028282427887,-0.3947663583984327,0.07102486085731191,0.3482979018557718,6.7559357,6.762637,0.034099534,0.027468266
96,-0.008062827450792934,-0.5908228438288319,0.07799081889442734,0.6625049394764453,6.703607,6.6305437,0.07704447,0.055992384
97,-0.019879284327369573,-0.39686765057578766,0.09124091768395624,0.39536257339509195,6.6925325,6.847268,0.053282067,0.07501383
98,-0.027816637338885328,-0.5931577484499702,0.09914816915185809,0.7153606241411976,6.620958,6.4516525,0.035060745,0.034864094
99,-0.03967979230788473,-0.39953782107384583,0.11345538163468204,0.4554589059104855,6.5377283,6.676463,0.021072052,0.03322058
100,-0.04767054872936165,-0.2061874762027947,0.12256455975289175,0.20058237740622326,6.523052,6.6071424,0.02745924,0.025569124
101,-0.05179429825341754,-0.013012203173978082,0.1265762073010162,-0.05106300495431815,6.8518305,6.865008,0.044069227,0.021631252
102,-0.0520545423168971,0.18008894067857534,0.12555494720192983,-0.30128336908843867,6.6466217,6.714883,0.021894414,0.0105448235
103,-0.04845276350332559,0.37321860339891955,0.11952927982016107,-0.55188123525859,6.784439,6.7981615,0.064137824,0.068705015
104,-0.0409883914353472,0.5664769702758172,0.10849165511498926,-0.8046424136503901,6.398036,6.46699,0.035721898,0.04797562
105,-0.02965885202983086,0.37004817772607723,0.09239880684198146,-0.4798975538079546,6.8761854,6.852646,0.055409774,0.032355547
106,-0.022257888475309316,0.1737516303284019,0.08280085576582236,-0.15958214421977684,6.63496,6.577703,0.031458057,0.035383593
107,-0.018782855868741278,-0.022452129026213602,0.07960921288142682,0.15803083879650587,7.0622916,7.0275927,0.03748233,0.062694386
108,-0.01923189844926555,0.17144513894703986,0.08276982965735694,-0.10851351914213053,6.408438,6.523936,0.03415639,0.041596904
109,-0.01580299567032475,0.36528946467711687,0.08059955927451433,-0.3739780238814234,7.002117,7.015699,0.048131205,0.06680253
110,-0.008497206376782414,0.16912062800935476,0.07311999879688585,-0.0570094062044087,6.3959637,6.3935785,0.01146643,0.012161809
111,-0.0051147938165953186,0.3631221367101831,0.07197981067279768,-0.3257559602392434,6.87045,6.9092665,0.06844164,0.06802426
112,0.0021476489176083437,0.5571493699477386,0.06546469146801281,-0.5948993853892068,6.6356783,6.685632,0.03669654,0.019891575
113,0.013290636316563116,0.7512969345365241,0.05356670376022868,-0.8662640473061254,6.8246293,6.8984895,0.033736322,0.023159526
114,0.0283165750072936,0.945650560953478,0.03624142281410617,-1.1416352489176926,6.6060057,6.718138,0.009989143,0.022132691
115,0.04722958622636316,0.7500741698315392,0.013408717835752315,-0.8378106536332299,6.7938485,6.788602,0.08201936,0.08577557
116,0.06223106962299395,0.554771692301544,-0.003347495236912284,-0.5409412276465819,6.644872,6.6365557,0.047360636,0.04155667
117,0.07332650346902483,0.7499405354759878,-0.014166319789843923,-0.8346770139151929,6.766385,6.768132,0.042176414,0.058145322
118,0.08832531417854458,0.5550149565438459,-0.030859860068147782,-0.5464827426645533,6.6292777,6.5703306,0.07618188,0.07254649
119,0.0994256133094215,0.36033987125326883,-0.04178951492143885,-0.26368050890523215,6.8099504,6.780078,0.033800524,0.04663572
120,0.10663241073448687,0.5560326223385359,-0.04706312509954349,-0.5692459015100975,6.7335243,6.8246317,0.034081213,0.039798394
121,0.11775306318125758,0.3616012440340839,-0.05844804312974544,-0.29175321598195464,6.647905,6.614984,0.054834783,0.06217905
122,0.12498508806193927,0.5575057536905861,-0.06428310744938454,-0.6022821330456616,6.667927,6.74543,0.06791967,0.04879152
123,0.13613520313575098,0.36333907308057134,-0.07632875011029777,-0.33051989377772795,6.751699,6.7446694,0.02885996,0.027182281
124,0.1434019845973624,0.16938193707781704,-0.08293914798585234,-0.06285015416256479,6.752427,6.7079763,0.0081996685,0.018694278
125,0.14678962333891873,-0.024458968709353934,-0.08419615106910364,0.20255555504056305,6.7356415,6.700283,0.057715535,0.0693056
126,0.14630044396473166,-0.21828218860862633,-0.08014503996829238,0.467536052744104,6.6378174,6.5499306,0.06354998,0.07572493
127,0.14193480019255914,-0.02212482434311297,-0.0707943189134103,0.15070704801245471,6.5544624,6.668654,0.033481546,0.039447922
128,0.14149230370569688,0.17393568547715452,-0.0677801779531612,-0.16344320563421505,6.694258,6.7064753,0.024374321,0.020223577
129,0.14497101741523996,0.36995917009764623,-0.0710490420658455,-0.476715387359339,6.677179,6.7980413,0.024615983,0.021214461
130,0.15237020081719288,0.17590855580471698,-0.08058334981303228,-0.20724467645188976,6.6456785,6.4738398,0.043188695,0.03948576
131,0.15588837193328722,0.3720848096016649,-0.08472824334207008,-0.5242200175850591,6.7962427,6.873311,0.033728942,0.044618573
132,0.16333006812532053,0.17825106368410118,-0.09521264369377126,-0.25939271554109095,6.5596733,6.4971747,0.026580416,0.023142785
133,0.16689508939900255,-0.015391816533248726,-0.10040049800459308,0.001805762288339341,6.7749696,6.752988,0.036622617,0.025805876
134,0.16658725306833758,-0.2089412556646527,-0.1003643827588263,0.2611996979415254,6.6894045,6.662946,0.033148915,0.017630074
135,0.1624084279550445,-0.4024979678427523,-0.09514038879999578,0.5206161034516783,6.9086547,6.8613167,0.0782721,0.065757364
136,0.15435846859818947,-0.5961609254509255,-0.08472806673096221,0.7818677024651339,6.69124,6.5970817,0.025458565,0.027765332
137,0.14243525008917096,-0.39998293113587513,-0.06909071268165953,0.4637760697791845,6.70572,6.7605233,0.020196361,0.015873188
138,0.13443559146645345,-0.5940639759993902,-0.05981519128607584,0.7339065622895236,6.636017,6.6357245,0.030730786,0.015102093
139,0.12255431194646565,-0.7883107554741663,-0.045137060040285365,1.007180464864145,6.944326,6.897044,0.0377927,0.049633566
140,0.10678809683698233,-0.5926161605959634,-0.024993450743002465,0.7006717561219585,6.526202,6.6224685,0.026649674,0.034642715
141,0.09493577362506306,-0.7873828877003304,-0.010980015620563294,0.9853832929341391,6.824871,6.7869277,0.020318482,0.019596616
142,0.07918811587105645,-0.9823560633289575,0.008727650238119486,1.274597367242352,6.643037,6.5888915,0.041530848,0.050004095
143,0.0595409946044773,-0.7873465269742577,0.03421959758296653,0.9846600999165005,6.7010765,6.7635393,0.056591794,0.07150119
144,0.043794064064992144,-0.5926992607363162,0.053912799581296536,0.7029187283963962,6.67443,6.724791,0.021469258,0.025281733
145,0.03194007885026582,-0.788525319881717,0.06797117414922446,1.0120737167360443,6.671739,6.6024613,0.112064004,0.08741361
146,0.016169572452631478,-0.5943728362116456,0.08821264848394535,0.7414856235091254,6.389718,6.6632476,0.049686935,0.043181784
147,0.004282115728398565,-0.40057223512378914,0.10304236095412786,0.47781592595940814,6.605195,6.695469,0.051522575,0.05152429
148,-0.0037293289740772187,-0.20704453452617713,0.11259867947331602,0.21930500319441032,6.637783,6.6633234,0.037630863,0.051170446
149,-0.007870219664600761,-0.4035808729263849,0.11698477953720422,0.5452767552570599,6.663396,6.657338,0.053390697,0.04259349
150,-0.01594183712312846,-0.21028021724356266,0.12789031464234543,0.2916226936756209,6.4786477,6.589196,0.0610266,0.05257634
151,-0.02014744146799971,-0.01719171067997019,0.13372276851585785,0.04185265392895096,6.811433,6.863299,0.021314362,0.012609754
152,-0.020491275681599114,0.175784475761183,0.13455982159443686,-0.2058299821164173,6.731963,6.7376165,0.019085526,0.022753887
153,-0.016975586166375452,-0.020979391288435123,0.1304432219521085,0.12608915441876406,6.8187776,6.736511,0.043408785,0.047786858
154,-0.017395173992144155,0.17205600456118922,0.13296500504048378,-0.12276235272049152,6.701092,6.771586,0.043030012,0.031338714
155,-0.01395405390092037,0.3650471961531604,0.13050975798607395,-0.3707172643843376,6.4864197,6.5145583,0.024400093,0.03630637
156,-0.006653109977857162,0.5580968414498582,0.1230954126983872,-0.6195680620042606,6.836029,6.874507,0.024770424,0.026926389
157,0.004508826851140001,0.7513040540696065,0.11070405145830198,-0.8710872499102355,6.5816584,6.5895796,0.026257358,0.03240849
158,0.019534907932532132,0.5548646057326426,0.09328230646009728,-0.5457512627228036,6.935393,6.898065,0.030877577,0.029782044
159,0.030632200047184983,0.3585642862194117,0.0823672812056412,-0.22519570634992714,6.4393034,6.436062,0.045837056,0.04417692
160,0.03780348577157322,0.1623676491257335,0.07786336707864265,0.09229011904846252,6.947168,6.9268007,0.048760414,0.029697025
161,0.04105083875408789,-0.03377898505309537,0.0797091694596119,0.4084873424677201,6.530094,6.506879,0.038809396,0.033101734
162,0.04037525905302598,0.1601276629042585,0.0878789163089663,0.14196056667053014,6.7684875,6.811511,0.079171956,0.06059134
163,0.04357781231111115,-0.03613577778453125,0.0907181276423769,0.4610228555089507,6.6811194,6.5904884,0.0055458415,0.013821236
164,0.04285509675542053,0.15759471372463923,0.09993858475255592,0.19825662935751676,6.7541647,6.9720764,0.026637582,0.02426986
165,0.04600699102991331,0.35115576387251035,0.10390371733970626,-0.0613031684050111,6.6068482,6.6744814,0.041032497,0.01835791
166,0.05303010630736352,0.5446463671883204,0.10267765397160604,-0.319481034329067,6.7288766,6.7307215,0.041205082,0.04074553
167,0.06392303365112992,0.3482233949516752,0.0962880332850247,0.0037358823428197407,6.76093,6.7296667,0.11898065,0.099530794
168,0.07088750155016342,0.1518618525576732,0.09636275093188108,0.3251788015065496,6.7137923,6.682971,0.01209516,0.016585764
169,0.07392473860131689,0.3454891330177895,0.10286632696201208,0.06437214663922519,6.421918,6.6622934,0.0784621,0.083313756
170,0.08083452126167268,0.5389973336806482,0.10415376989479658,-0.19416641259014933,6.555649,6.620275,0.05772725,0.042255707
171,0.09161446793528565,0.7324871412757876,0.10027044164299359,-0.45226243718710696,6.7365274,6.7397947,0.058248866,0.07220632
172,0.10626421076080139,0.9260587344551126,0.09122519289925145,-0.7117312634245658,6.758063,6.768472,0.034516033,0.034696233
173,0.12478538544990364,1.1198069987731742,0.07699056763076013,-0.9743621909137044,6.72827,6.733635,0.025623567,0.027427565
174,0.14718152542536714,1.313816410737172,0.057503323812486046,-1.2419013632007985,6.7834077,6.836956,0.046934437,0.064727336
175,0.17345785364011057,1.5081550063772904,0.03266529654847007,-1.5160307729832683,6.6471357,6.6566267,0.004999914,0.00493353
176,0.20362095376765638,1.7028668580492115,0.0023446810888047044,-1.7983408536305268,6.563592,6.6195235,0.05974328,0.06624111
177,0.23767829092864062,1.5077187571108952,-0.033622135983805826,-1.5049301712385006,5.9983554,5.617318,0.13951026,0.26531866
178,0.26783266607085854,1.31302045510341,-0.06372073940857584,-1.222930820599794,6.262993,5.9651465,0.11371979,0.07212955
179,0.2940930751729267,1.1187746018275293,-0.08817935582057172,-0.950874589962839,6.5431275,6.378705,0.01713091,0.04938413
180,0.3164685672094773,0.9249430374461697,-0.1071968476198285,-0.6871480254521016,6.766471,6.6185007,0.028335253,0.039799
181,0.3349674279584007,0.7314594712721643,-0.12093980812887054,-0.43004414241803884,6.515558,6.3842406,0.007963707,0.027218156
182,0.34959661738384396,0.9280678537148218,-0.1295406909772313,-0.7582722734424783,6.934554,6.955012,0.041569643,0.039056215
183,0.3681579744581404,0.7349463317272753,-0.14470613644608088,-0.5089956788698266,6.633902,6.0938196,0.026180223,0.04052268
184,0.38285690109268594,0.5421277577372258,-0.1548860500234774,-0.2651860169819763,6.794013,6.572286,0.079736196,0.05338347
185,0.39369945624743047,0.34951656346460674,-0.16018977036311693,-0.02508246421089927,6.790284,6.43312,0.023005871,0.0463719
186,0.40068978751672263,0.15701114027867405,-0.1606914196473349,0.21308407756343747,6.8212495,6.676693,0.027428245,0.032941777
187,0.4038300103222961,-0.03549222064384144,-0.15642973809606617,0.45107883396334386,6.7877975,6.724402,0.052126795,0.019228417
188,0.4031201659094193,-0.22809603160148645,-0.1474081614167993,0.6906539468279466,6.784154,6.751798,0.0696667,0.0923517
189,0.3985582452773896,-0.42089844639074403,-0.13359508248024038,0.9335399575634632,6.835227,6.7616677,0.03709287,0.05977327
190,0.3901402763495747,-0.613989748373723,-0.11492428332897112,1.1814358585925249,6.918124,6.9051857,0.048724916,0.038102258
191,0.37786048138210027,-0.8074480066105377,-0.09129556615712062,1.4359956034290036,6.641506,6.4538755,0.022278609,0.029250987
192,0.36171152124988953,-0.6113266953350366,-0.06257565408854054,1.1162351449280863,6.865865,6.8974595,0.024267167,0.015232555
193,0.3494849873431888,-0.41544172618611,-0.04025095118997882,0.8045975371597487,6.542815,6.6106124,0.022507757,0.028753461
194,0.34117615281946656,-0.6099894077402468,-0.024159000446783842,1.0843521111663503,6.785347,6.7093825,0.12748772,0.11365198
195,0.3289763646646616,-0.41455717161169414,-0.002471958223456836,0.7841872466782467,6.5989447,6.6751647,0.006603574,0.016788429
196,0.32068522123242776,-0.6096450673025389,0.013211786710108097,1.0760914411626485,6.748636,6.6825433,0.035390884,0.055837754
197,0.308492319886377,-0.4147001347799531,0.03473361553336107,0.7875837152204368,6.75434,6.774874,0.05971381,0.05657749
198,0.30019831719077794,-0.610281543202686,0.05048528983776981,1.0909885098799421,6.7433405,6.697505,0.027355883,0.02087196
199,0.2879926863267242,-0.4158600232320241,0.07230506003536866,0.8145641729279056,6.59889,6.6124406,0.025186157,0.042512055
200,0.27967548586208374,-0.22179876398551684,0.08859634349392677,0.5454720398479165,6.6986756,6.7270226,0.03825638,0.04376529
201,0.2752395105823734,-0.41804657525252714,0.0995057842908851,0.8647024672726067,6.4962716,6.439466,0.062195458,0.048587963
202,0.2668785790773229,-0.22440964035752273,0.11679983363633722,0.6048902839487766,6.7154417,6.868766,0.03193782,0.060146637
203,0.2623903862701724,-0.031098067210404867,0.12889763931531276,0.3511597005953324,6.3291492,6.5774407,0.03904391,0.044627286
204,0.2617684249259643,0.1619777494149769,0.1359208333272194,0.10173961024072203,6.6332183,6.7489424,0.027794043,0.033261046
205,0.26500797991426384,-0.0348038439624771,0.13795562553203386,0.4340274146136111,6.7183814,6.6398063,0.06418591,0.05432197
206,0.2643119030350143,0.1581229393860809,0.14663617382430608,0.18781710121842202,6.4929132,6.766304,0.024194505,0.03442548
207,0.26747436182273593,-0.03875939747981272,0.15039251584867452,0.5229279482442093,6.8363814,6.8246155,0.033282313,0.026481554
208,0.2666991738731397,0.15396150199051198,0.1608510748135587,0.28115856100045383,6.241204,6.4639177,0.022607503,0.014095677
209,0.26977840391294994,0.3464672395405578,0.16647424603356778,0.04321399884678495,6.5086594,6.597449,0.070150346,0.043106508
210,0.2767077487037611,0.5388593274914433,0.16733852601050347,-0.19266676681336894,6.471658,6.5644417,0.098694116,0.056881268
211,0.2874849352535899,0.7312414683918464,0.16348519067423609,-0.4282408161734299,6.6956954,6.7520432,0.019470558,0.016409278
212,0.30210976462142686,0.9237164025223721,0.1549203743507675,-0.6652527113925191,6.5400276,6.5477905,0.019758051,0.018347535
213,0.3205840926718743,0.7268176880460365,0.1416153201229171,-0.32807716151517996,6.710036,6.7023025,0.016887294,0.01231307
214,0.33512044643279504,0.9196694248879632,0.1350537768926135,-0.5729630151436853,6.628579,6.6848197,0.020961137,0.023582488
215,0.3535138349305543,0.7229381593755342,0.12359451658973979,-0.24096802417276242,6.8378725,6.8220077,0.050578248,0.04160418
216,0.367972598118065,0.9160977613300039,0.11877515610628454,-0.49225292300021145,6.572947,6.626569,0.06150049,0.06149488
217,0.38629455334466506,0.7195183572227637,0.10893009764628031,-0.16462346310521214,6.852702,6.7482758,0.022344025,0.014960415
218,0.40068492048912036,0.5230193240434903,0.10563762838417606,0.16034025830019005,6.6821966,6.6651154,0.038757347,0.05188087
219,0.4111453069699902,0.7164827846072227,0.10884443355017986,-0.09723751723853408,6.403282,6.650757,0.013872226,0.022384126
220,0.42547496266213464,0.9098900527199059,0.10689968320540919,-0.35369451157148585,6.4362893,6.7678413,0.055102345,0.029488314
221,0.44367276371653275,1.103342438956521,0.09982579297397946,-0.610847972630159,6.4105177,6.5267205,0.051705368,0.02887595
222,0.46573961249566315,0.9069773182765783,0.08760883352137629,-0.28846662185535854,6.7815485,6.725843,0.045492113,0.039646488
223,0.4838791588611947,0.7107223872579455,0.08183950108426911,0.030510820223690727,6.655622,6.6457167,0.071661696,0.07071029
224,0.4980936066063536,0.9045811546247424,0.08244971748874293,-0.23527010414405797,6.5754776,6.7927604,0.01303261,0.038068235
225,0.5161852296988485,1.0984342487461567,0.07774431540586177,-0.5008491892198396,6.4930468,6.537622,0.009095142,0.011061049
226,0.5381539146737716,0.9023073887398214,0.06772733162146498,-0.18471371025612915,6.711225,6.7033653,0.024657318,0.029409353
227,0.556200062448568,1.0963982073181493,0.0640330574163424,-0.4552858572084171,6.539519,6.602215,0.051347185,0.067884155
228,0.578128026594931,1.290559107491149,0.05492734027217405,-0.7271174762899903,6.768303,6.774541,0.051256914,0.05067897
229,0.603939208744754,1.0947225076683873,0.04038499074637424,-0.41766507713184575,6.4934945,6.4007177,0.04245023,0.053513613
230,0.6258336588981218,0.8990522154811333,0.03203168920373733,-0.11252899218131324,6.7850075,6.605049,0.016369296,0.021314684
231,0.6438147032077445,0.70348626992496,0.029781109360111063,0.1900851530563608,6.512267,6.381675,0.016815182,0.020566914
232,0.6578844286062436,0.8981697881254351,0.03358281242123828,-0.0930562811349821,6.789524,6.828513,0.056358043,0.06732041
233,0.6758478243687523,0.7025829901455852,0.03172168679853864,0.21002998460129657,6.26784,6.1216955,0.018574085,0.027864479
234,0.689899484171664,0.5070221677647967,0.035922286490564566,0.5125482528755149,6.7482557,6.5635605,0.047037132,0.043489706
235,0.70003992752696,0.3114131478249683,0.04617325154807486,0.8163313721717116,6.4389596,6.35257,0.06554587,0.07553475
236,0.7062681904834593,0.5058735425623387,0.06249987899150909,0.5385217754120488,6.4002905,6.5858603,0.027587129,0.043414585
237,0.7163856613347062,0.7000637265635646,0.07327031449975006,0.26616823253188493,6.0473113,6.1276393,0.05205542,0.026173344
238,0.7303869358659775,0.5039766775218664,0.07859367915038776,0.5810318367857302,6.519475,6.4866066,0.045622773,0.05723199
239,0.7404664694164148,0.6979145011296571,0.09021431588610236,0.31410586051540357,5.772808,5.8462396,0.027562175,0.046781123
240,0.754424759439008,0.8916432727995263,0.09649643309641043,0.0511814619860958,6.2344384,6.3187227,0.029850498,0.011029733
241,0.7722576248949985,0.6952796170503286,0.09752006233613235,0.37268261391410434,5.75532,5.7235017,0.024844542,0.039848946
242,0.786163217236005,0.88889073090428,0.10497371461441443,0.11227127970932288,5.8303237,5.8926806,0.027482053,0.031915367
243,0.8039410318540906,1.082364103250089,0.10721914020860089,-0.14553564223878646,5.6984663,5.7140865,0.05113346,0.04335408
244,0.8255883139190924,0.8858830825668601,0.10430842736382516,0.1789555251964211,5.4639006,5.4412394,0.043730892,0.030951107
245,0.8433059755704295,1.079369698686076,0.10788753786775358,-0.0790858455278376,5.656854,5.7223806,0.05436414,0.037440713
246,0.8648933695441511,1.2727929224996775,0.10630582095719683,-0.3358763355420851,5.228032,5.301969,0.011943246,0.023687534
247,0.8903492279941446,1.466254060248557,0.09958829424635512,-0.593234789799274,5.4289107,5.4534287,0.022961352,0.025644207
248,0.9196743091991157,1.6598513021335828,0.08772359845036964,-0.8529612090301932,5.2432327,5.2689953,0.007766885,0.0109292315
249,0.9528713352417874,1.8536749405886512,0.07066437426976578,-1.116821044571413,5.280969,5.309257,0.019831615,0.01950243
250,0.9899448340535604,1.6577003318335481,0.04832795337833752,-0.8028347284487327,5.3274994,5.313686,0.006546965,0.010419477
251,1.0230988406902313,1.8521274449318283,0.032271258809362866,-1.0799319996087597,5.2977304,5.307001,0.012698757,0.012661506
252,1.0601413895888678,1.6565946049370626,0.01067261881718767,-0.777299348930069,5.3251367,5.2396874,0.010778073,0.008937324
253,1.0932732816876092,1.4613275226983418,-0.00487336816141371,-0.4812777164408653,5.3369584,5.3024077,0.06424124,0.031716965
254,1.122499832141576,1.26627469928707,-0.014498922490231016,-0.19013472022228062,5.440688,5.371577,0.025788525,0.008608629
255,1.1478253261273175,1.0713631412346483,-0.018301616894676628,0.09793935298175588,5.380519,5.285904,0.01401758,0.013438416
256,1.1692525889520105,0.8765082071828212,-0.01634282983504151,0.38479243055376877,5.301601,5.2641287,0.022698233,0.0076474147
257,1.186782753095667,0.6816220419756437,-0.008646981223966135,0.6722780623130635,5.499816,5.299595,0.18874303,0.16060008
258,1.20041519393518,0.4866213490568261,0.004798580022295135,0.9622259857668516,5.40035,5.2833405,0.04445578,0.044975165
259,1.2101476209163164,0.29143524361553397,0.024043099737632165,1.256412550226973,5.385508,5.337384,0.09199641,0.10548263
260,1.2159763257886271,0.09601390084683256,0.049171350742171625,1.556527833265795,5.421703,5.4130106,0.036029056,0.03564428
261,1.2178966038055639,0.29051359595535264,0.08030190740748752,1.279581471069577,5.090865,5.1115603,0.019719403,0.017735831
262,1.223706875724671,0.48452563588073017,0.10589353682887906,1.0130846028238258,5.035787,5.067823,0.0071356376,0.007163029
263,1.2333973884422855,0.6780878561164774,0.12615522888535557,0.7554421741142782,5.1426206,5.1625414,0.00845732,0.010676996
264,1.2469591455646152,0.871265976389379,0.14126407236764113,0.5049691144652717,5.015938,5.1006866,0.012467518,0.017456116
265,1.2643844650924028,1.0641441004640138,0.15136345465694656,0.25992751508501744,5.251647,5.273352,0.0186505,0.01424456
266,1.285667347101683,1.2568176817423207,0.15656200495864692,0.018552694665313174,5.023746,5.0570316,0.005234702,0.005028223
267,1.3108037007365294,1.4493882991389242,0.1569330588519532,-0.22092886984651325,5.161037,5.265237,0.018157909,0.03630113
268,1.3397914667193078,1.6419596308302187,0.15251448145502292,-0.4602870085423837,5.059224,5.150518,0.022446547,0.023277294
269,1.372630659335912,1.8346340671985684,0.14330874128417526,-0.7012782438520899,5.0686426,5.105916,0.0053563006,0.0023168405
270,1.4093233406798835,2.0275094475693005,0.12928317640713347,-0.9456368252375094,5.1770153,5.240964,0.029806696,0.014986302
271,1.4498735296312695,2.2206754288913695,0.11037043990238328,-1.1950642553334998,5.103552,5.1522794,0.015530229,0.019469205
272,1.494287038209097,2.0243112170265496,0.08646915479571328,-0.8699270754903804,5.047707,5.0062847,0.0114592565,0.013921217
273,1.534773262549628,1.8281261696053455,0.06907061328590566,-0.5513586994602857,5.0898066,4.979129,0.08244835,0.01790251
274,1.571335785941735,2.0222135192825217,0.058043439296699945,-0.8215049256641472,5.065097,5.135997,0.023494655,0.008208384
275,1.6117800563273854,1.8263474332941074,0.041613340783417,-0.5111453776001922,5.152643,4.940044,0.011465669,0.052871365
276,1.6483070049932675,1.630664758830329,0.031390433231413155,-0.20564468108653106,5.05541,5.043576,0.011036493,0.016318493
277,1.680920300169874,1.4351083083187026,0.027277539609682534,0.09677275835516436,5.223975,5.1307507,0.013572869,0.02215802
278,1.709622466336248,1.239606241697638,0.029212994776785822,0.39793536765606174,5.171815,5.061337,0.013963091,0.022888081
279,1.7344145911702007,1.04408228997488,0.03717170212990706,0.699683558101533,5.2195597,5.1392965,0.009374108,0.026588786
280,1.7552962369696983,1.2386697210199251,0.05116537329193772,0.4189300034667134,5.183145,5.286744,0.07149897,0.019953506
281,1.7800696313900968,1.4330307246769804,0.059543973361271985,0.14280608459579613,5.146953,5.284333,0.01604001,0.03097232
282,1.8087302458836363,1.2371087938937748,0.06240009505318791,0.45366374151550554,5.1652613,5.1193457,0.017403278,0.050774034
283,1.8334724217615117,1.431295424952151,0.07147336988349802,0.1812844244206932,5.324003,5.40889,0.024065316,0.05238723
284,1.8620983302605547,1.2352273812577519,0.07509905837191189,0.49563089248866465,5.3575554,5.3064985,0.07120276,0.02717908
285,1.8868028778857098,1.4292144253777117,0.08501167622168518,0.22752886192904404,5.054158,5.2050734,0.0173981,0.01418317
286,1.915387166393264,1.2329869524744534,0.08956225346026606,0.5457704510728247,5.3258977,5.272788,0.03947197,0.03715677
287,1.9400469054427532,1.4267438813864177,0.10047766248172255,0.28259604403283584,5.0488358,5.1664596,0.010033473,0.01590009
288,1.9685817830704815,1.6202998282805812,0.10612958336237927,0.02321721431853535,5.0888085,5.299615,0.006806846,0.04291296
289,2.0009877796360933,1.423828598848703,0.10659392764874998,0.34740945856842836,5.427498,5.353793,0.022486674,0.08956259
290,2.0294643516130675,1.6172856891270118,0.11354211682011854,0.09015014803493027,4.9109135,5.1404505,0.03678939,0.06686073
291,2.0618100653956075,1.8106125539764177,0.11534511978081714,-0.1646632021609286,5.360968,5.539709,0.015226019,0.093954235
292,2.0980223164751357,2.0039106225943137,0.11205185573759857,-0.41884732309244227,5.062841,5.1756926,0.040172234,0.079721436
293,2.138100528927022,1.807394025443811,0.10367490927574972,-0.09304668078722794,5.2231445,5.074256,0.016992213,0.054100703
294,2.174248409435898,1.6109506747764841,0.10181397566000516,0.23046201116909532,5.1255827,4.9208994,0.05631077,0.07508593
295,2.2064674229314276,1.4145323666842329,0.10642321588338707,0.5534453456761205,5.116137,4.801297,0.014785442,0.015566783
296,2.234758070265112,1.6080115574255869,0.11749212279690949,0.2960979008865986,4.961315,5.052725,0.030351855,0.054012604
297,2.266918301413624,1.411427741115557,0.12341408081464146,0.6234039399792437,4.846519,4.844995,0.041688986,0.020049658
298,2.295146856235935,1.6046301188145173,0.13588215961422634,0.3719962811792338,4.996743,5.113515,0.041260406,0.06747745
299,2.327239458612225,1.797586421230701,0.143322085237811,0.1250563031175734,5.161604,5.2404137,0.037989974,0.10910999
